trade_date,code,amount,net_cash_per_share,dividend_cash
2021-05-18,601000.XSHG,26600,0.16,4256.0
2021-05-24,600310.XSHG,17100,0.06,1026.0
2021-06-04,601988.XSHG,21800,0.1576,3435.68
2021-06-04,600017.XSHG,26000,0.028,728.0
2021-06-09,600035.XSHG,23700,0.056,1327.2
2021-06-15,002039.XSHE,4900,0.288,1411.1999999999998
2021-06-17,601288.XSHG,22200,0.14808,3287.3759999999997
2021-06-23,600717.XSHG,17880,0.0688,1230.144
2021-06-25,600168.XSHG,10600,0.0864,915.84
2021-06-25,000900.XSHE,16800,0.128,2150.4
2021-06-25,600106.XSHG,27100,0.0416,1127.36
2021-06-25,600368.XSHG,19300,0.1208,2331.44
2021-06-28,600033.XSHG,26400,0.08,2112.0
2021-06-29,601077.XSHG,17100,0.1776,3036.96
2021-07-02,600018.XSHG,15000,0.1024,1536.0
2021-07-06,601229.XSHG,8700,0.32,2784.0
2021-07-06,601398.XSHG,13800,0.2128,2936.64
2021-07-07,600011.XSHG,17000,0.144,2448.0
2021-07-07,600795.XSHG,29300,0.032,937.6
2021-07-08,003816.XSHE,26700,0.064,1708.8
2021-07-08,601006.XSHG,10800,0.384,4147.2
2021-07-13,601328.XSHG,14600,0.2536,3702.56
2021-07-14,601326.XSHG,26700,0.0512,1367.04
2021-07-15,000429.XSHE,9900,0.2328,2304.7200000000003
2021-07-16,601169.XSHG,14600,0.24,3504.0
2021-07-21,001872.XSHE,4200,0.304,1276.8
2021-07-23,600027.XSHG,20800,0.2,4160.0
2021-07-30,002267.XSHE,10400,0.16,1664.0
2021-08-10,600350.XSHG,11600,0.304,3526.4
2021-08-27,601991.XSHG,27100,0.0728,1972.88
2022-04-25,600681.XSHG,16300,0.2,3260.0
2022-05-13,002807.XSHE,20000,0.144,2880.0
2022-05-17,001872.XSHE,5400,0.344,1857.6
2022-05-20,000582.XSHE,11300,0.1472,1663.36
2022-05-27,601228.XSHG,26100,0.0456,1190.16
2022-06-15,600350.XSHG,15700,0.32,5024.0
2022-06-21,002267.XSHE,13400,0.24,3216.0
2022-06-23,600717.XSHG,19800,0.0808,1599.84
2022-06-29,601077.XSHG,21300,0.202,4302.6
2022-06-29,600033.XSHG,28900,0.12,3468.0
2022-06-30,000421.XSHE,16800,0.08,1344.0
2022-07-07,003816.XSHE,31000,0.0672,2083.2
2022-07-07,000429.XSHE,10700,0.456,4879.2
2022-07-07,601006.XSHG,13100,0.384,5030.400000000001
2022-07-08,601939.XSHG,14300,0.2912,4164.16
2022-07-12,601398.XSHG,18200,0.23464,4270.447999999999
2022-07-15,601169.XSHG,19100,0.244,4660.4
2022-07-15,601288.XSHG,28700,0.16544,4748.128
2022-07-15,601988.XSHG,26600,0.1768,4702.88
2022-07-15,000883.XSHE,17000,0.12,2040.0
2022-07-15,601985.XSHG,12600,0.12,1512.0
2022-07-19,601326.XSHG,30700,0.0448,1375.36
2022-07-20,600012.XSHG,11600,0.44,5104.0
2022-07-29,600886.XSHG,8200,0.1308,1072.56
2022-08-26,601298.XSHG,15800,0.20512,3240.8959999999997
2023-04-25,600681.XSHG,22000,0.12,2640.0
2023-05-31,600017.XSHG,33100,0.032,1059.2
2023-06-15,600350.XSHG,14600,0.32,4672.0
2023-06-16,600035.XSHG,27000,0.112,3024.0
2023-06-19,600956.XSHG,10300,0.1544,1590.3200000000002
2023-06-20,600717.XSHG,21100,0.0616,1299.76
2023-06-28,601825.XSHG,16500,0.2736,4514.400000000001
2023-06-28,600098.XSHG,15300,0.16,2448.0
2023-06-28,001872.XSHE,5100,0.36,1836.0
2023-06-29,601077.XSHG,25900,0.21712,5623.408
2023-07-05,601880.XSHG,63500,0.01392,883.92
2023-07-06,600908.XSHG,18700,0.16,2992.0
2023-07-13,601006.XSHG,13400,0.384,5145.6
2023-07-14,002267.XSHE,12500,0.24,3000.0
2023-07-14,601985.XSHG,14000,0.136,1904.0000000000002
2023-07-14,000429.XSHE,12800,0.3424,4382.719999999999
2023-07-19,600012.XSHG,9400,0.44,4136.0
2023-07-26,600377.XSHG,10100,0.368,3716.7999999999997
2023-07-28,600033.XSHG,31800,0.12,3816.0
2023-08-11,600018.XSHG,19000,0.112,2128.0
2023-08-16,000883.XSHE,21600,0.048,1036.8
2024-05-10,002807.XSHE,28600,0.152,4347.2
2024-05-14,000690.XSHE,21300,0.24,5112.0
2024-05-15,600018.XSHG,19900,0.1376,2738.24
2024-05-28,600020.XSHG,28600,0.1192,3409.12
2024-06-07,603323.XSHG,23800,0.144,3427.2
2024-06-07,600035.XSHG,24200,0.152,3678.4
2024-06-13,000900.XSHE,29000,0.12,3480.0
2024-06-14,601187.XSHG,20500,0.248,5084.0
2024-06-14,600017.XSHG,38900,0.052,2022.8
2024-06-18,000027.XSHE,15100,0.112,1691.2
2024-06-20,600717.XSHG,24900,0.0816,2031.8400000000001
2024-06-25,600350.XSHG,12500,0.336,4200.0
2024-06-27,601229.XSHG,15900,0.368,5851.2
2024-06-27,600033.XSHG,32000,0.096,3072.0
2024-06-28,601077.XSHG,23100,0.2308,5331.4800000000005
2024-06-28,601816.XSHG,21300,0.08928,1901.664
2024-07-05,600908.XSHG,21700,0.16,3472.0
2024-07-05,600795.XSHG,19300,0.056,1080.8
2024-07-10,601169.XSHG,19600,0.256,5017.6
2024-07-11,600011.XSHG,11900,0.16,1904.0
2024-07-12,601939.XSHG,15500,0.32,4960.0
2024-07-15,000429.XSHE,11000,0.4376,4813.599999999999
2024-07-16,601398.XSHG,20200,0.24512,4951.424
2024-07-17,601326.XSHG,36200,0.0664,2403.68
2024-07-18,600000.XSHG,13900,0.2568,3569.5199999999995
2024-07-26,600377.XSHG,9100,0.376,3421.6
2024-08-08,000883.XSHE,19200,0.072,1382.3999999999999
2024-08-23,601991.XSHG,38300,0.006,229.8
2024-10-21,000905.XSHE,19000,0.0424,805.6
2024-10-25,600681.XSHG,33400,0.072,2404.7999999999997
2024-10-31,600795.XSHG,23400,0.072,1684.8
2024-12-20,600033.XSHG,33600,0.04,1344.0
2025-01-22,601818.XSHG,33100,0.0832,2753.92
2025-04-25,601988.XSHG,22600,0.09728,2198.5280000000002
2025-04-30,002807.XSHE,28700,0.16,4592.0
2025-05-09,601008.XSHG,32900,0.048,1579.2
2025-05-14,000828.XSHE,12600,0.26,3276.0
2025-05-16,601018.XSHG,34000,0.0864,2937.6000000000004
2025-05-29,000900.XSHE,30600,0.12,3672.0
2025-06-04,000791.XSHE,18900,0.144,2721.6
2025-06-05,002966.XSHE,16100,0.16,2576.0
2025-06-06,601997.XSHG,21500,0.232,4988.0
2025-06-13,600017.XSHG,41100,0.0688,2827.68
2025-06-16,000905.XSHE,16700,0.044,734.8
2025-06-19,600717.XSHG,26800,0.0832,2229.7599999999998
2025-06-25,000543.XSHE,16900,0.2552,4312.88
2025-06-27,601825.XSHG,15200,0.1544,2346.88
2025-06-27,002039.XSHE,7600,0.048,364.8
2025-06-27,600098.XSHG,19800,0.216,4276.8
2025-06-27,600035.XSHG,29100,0.136,3957.6000000000004
2025-07-04,600908.XSHG,21500,0.176,3784.0
2025-07-10,600011.XSHG,19000,0.216,4104.0
2025-07-10,600795.XSHG,27900,0.088,2455.2
2025-07-11,600033.XSHG,38400,0.04,1536.0
2025-07-14,601398.XSHG,17900,0.13168,2357.0719999999997
2025-07-14,600027.XSHG,24800,0.104,2579.2
2025-07-14,000429.XSHE,10100,0.4184,4225.84
2025-07-15,600020.XSHG,28400,0.136,3862.4
2025-07-17,600018.XSHG,23800,0.116,2760.8
2025-07-18,601326.XSHG,42100,0.068,2862.8
2025-07-30,600377.XSHG,8800,0.392,3449.6
2025-08-05,600350.XSHG,12700,0.336,4267.2
2025-08-08,601228.XSHG,41900,0.0312,1307.28
2025-08-15,601333.XSHG,47000,0.056,2632.0
2025-08-22,601991.XSHG,42900,0.04968,2131.272
2025-10-15,000001.XSHE,12300,0.1888,2322.24
2025-10-15,002839.XSHE,32400,0.08,2592.0
2025-10-16,600803.XSHG,7700,0.144,1108.8
2025-10-24,601018.XSHG,38300,0.024,919.2
2025-10-29,600795.XSHG,27900,0.08,2232.0
2025-10-29,603689.XSHG,16300,0.04,652.0
2025-10-31,600017.XSHG,45400,0.0264,1198.56
2025-11-12,600027.XSHG,27400,0.072,1972.8
2025-11-25,600908.XSHG,23700,0.088,2085.6
2025-12-03,002807.XSHE,31600,0.08,2528.0
2025-12-15,601398.XSHG,19200,0.11312,2171.904
2025-12-31,600033.XSHG,41500,0.04,1660.0
2026-01-13,600018.XSHG,26300,0.04,1052.0
2026-02-05,601860.XSHG,51900,0.04,2076.0
2026-05-12,601528.XSHG,27000,0.168,4536.0
2026-05-19,000828.XSHE,14300,0.26,3718.0
2026-05-29,002039.XSHE,7700,0.312,2402.4
