canonical_model_id,formal_window,comparison_status
airport_transport_cashflow_operating_state_v58,2021-05-01_to_2026-05-31,not_ranked_cross_model
airport_transport_franchise_state_v58b,2021-05-01_to_2026-05-31,not_ranked_cross_model
bank_high_dividend_sustainability_v3,2021-05-01_to_2026-05-31,not_ranked_cross_model
bank_value_15y,2021-05-01_to_2026-05-31,not_ranked_cross_model
bank_value_quality_v2,2021-05-01_to_2026-05-31,not_ranked_cross_model
cement_cycle_aware_ocf_low_vol_v5a9,2021-05-01_to_2026-05-31,not_ranked_cross_model
coal_cashflow_cycle_value_v52b,2021-05-01_to_2026-05-31,not_ranked_cross_model
coal_cashflow_cycle_value_v52b_capex_policy,2021-05-01_to_2026-05-31,not_ranked_cross_model
coal_high_dividend_cycle_value_v52,2021-05-01_to_2026-05-31,not_ranked_cross_model
consumer_staples_ocf_low_vol_v5a5,2021-05-01_to_2026-05-31,not_ranked_cross_model
dividend_low_vol_fcf_basket_v56,2021-05-01_to_2026-05-31,not_ranked_cross_model
dividend_low_vol_ocf_enhanced_etf_v57,2021-05-01_to_2026-05-31,not_ranked_cross_model
dividend_low_vol_sector_adaptive_etf_v57b,2021-05-01_to_2026-05-31,not_ranked_cross_model
dividend_low_vol_sector_neutral_equal_sleeve_etf_v57e,2021-05-01_to_2026-05-31,not_ranked_cross_model
dividend_low_vol_sector_neutral_equal_sleeve_etf_v57f,2021-05-01_to_2026-05-31,not_ranked_cross_model
dividend_low_vol_sector_neutral_etf_v57c,2021-05-01_to_2026-05-31,not_ranked_cross_model
dividend_low_vol_sector_neutral_etf_v57d,2021-05-01_to_2026-05-31,not_ranked_cross_model
dividend_ocf_low_vol_basket_v56b,2021-05-01_to_2026-05-31,not_ranked_cross_model
dividend_ocf_vol_guard_basket_v56c,2021-05-01_to_2026-05-31,not_ranked_cross_model
food_beverage_low_vol_diagnostic_v5a5b,2021-05-01_to_2026-05-31,not_ranked_cross_model
food_beverage_ocf_low_vol_v5a5,2021-05-01_to_2026-05-31,not_ranked_cross_model
gas_water_cashflow_dividend_v55a,2021-05-01_to_2026-05-31,not_ranked_cross_model
gas_water_collection_debt_guard_v57c,2021-05-01_to_2026-05-31,not_ranked_cross_model
gas_water_ocf_dividend_guard_v57a,2021-05-01_to_2026-05-31,not_ranked_cross_model
gas_water_true_operating_state_diagnostic_v59,2021-05-01_to_2026-05-31,not_ranked_cross_model
gas_water_v57b_text_debt_state_guard_v59b,2021-05-01_to_2026-05-31,not_ranked_cross_model
gas_water_value_serviceability_v57b,2021-05-01_to_2026-05-31,not_ranked_cross_model
highway_cashflow_dividend_v54,2021-05-01_to_2026-05-31,not_ranked_cross_model
highway_dividend_operating_state_v54c,2021-05-01_to_2026-05-31,not_ranked_cross_model
highway_dividend_reviewed_operating_v54f,2021-05-01_to_2026-05-31,not_ranked_cross_model
highway_dividend_reviewed_operating_v54g,2021-05-01_to_2026-05-31,not_ranked_cross_model
highway_dividend_reviewed_operating_v54h_repaired_2021,2021-05-01_to_2026-05-31,not_ranked_cross_model
highway_dividend_segment_purity_v54d,2021-05-01_to_2026-05-31,not_ranked_cross_model
highway_dividend_segment_purity_v54e,2021-05-01_to_2026-05-31,not_ranked_cross_model
highway_high_dividend_cashflow_diagnostics_v54b,2021-05-01_to_2026-05-31,not_ranked_cross_model
home_appliances_ocf_low_vol_v5a5,2021-05-01_to_2026-05-31,not_ranked_cross_model
home_appliances_ocf_quality_v5a5b,2021-05-01_to_2026-05-31,not_ranked_cross_model
home_appliances_ocf_quality_v5a5c,2021-05-01_to_2026-05-31,not_ranked_cross_model
insurance_low_pb_dividend_v53b,2021-05-01_to_2026-05-31,not_ranked_cross_model
insurance_low_pb_only_v53c,2021-05-01_to_2026-05-31,not_ranked_cross_model
insurance_low_pb_solvency_guard_v53e,2021-05-01_to_2026-05-31,not_ranked_cross_model
insurance_pev_nbv_v53f_diagnostic,2021-05-01_to_2026-05-31,not_ranked_cross_model
insurance_pev_value_v53g,2021-05-01_to_2026-05-31,not_ranked_cross_model
insurance_value_investment_solvency_v53d,2021-05-01_to_2026-05-31,not_ranked_cross_model
insurance_value_quality_v53_test1,2021-05-01_to_2026-05-31,not_ranked_cross_model
internal_subsleeve_mom12_70_30,2021-05-01_to_2026-05-31,not_ranked_cross_model
locked_pool_monthly_mom12_70_30,2021-05-01_to_2026-05-31,not_ranked_cross_model
mr_borrow_paired_drop_spike_net0_cap10_next2,2021-05-01_to_2026-05-31,not_ranked_cross_model
oil_gas_ocf_dividend_cycle_probe_v58a,2021-05-01_to_2026-05-31,not_ranked_cross_model
oil_gas_ocf_low_vol_value_v58b,2021-05-01_to_2026-05-31,not_ranked_cross_model
oil_gas_state_conditioned_ocf_v58d,2021-05-01_to_2026-05-31,not_ranked_cross_model
oil_gas_state_conditioned_ocf_v58g,2021-05-01_to_2026-05-31,not_ranked_cross_model
port_rail_cashflow_dividend_v55a,2021-05-01_to_2026-05-31,not_ranked_cross_model
port_rail_cashflow_operating_state_v55b,2021-05-01_to_2026-05-31,not_ranked_cross_model
port_rail_cashflow_value_operating_diagnostic_v55c,2021-05-01_to_2026-05-31,not_ranked_cross_model
port_rail_cashflow_value_operating_diagnostic_v55g_repaired_2021,2021-05-01_to_2026-05-31,not_ranked_cross_model
port_rail_cashflow_value_operating_diagnostic_v55i_business_purity_gate,2021-05-01_to_2026-05-31,not_ranked_cross_model
port_rail_cashflow_value_operating_diagnostic_v55j_reviewed_business_sources,2021-05-01_to_2026-05-31,not_ranked_cross_model
pressure_positive_1000_else_1400_buy,2021-05-01_to_2026-05-31,not_ranked_cross_model
telecom_operators_cashflow_dividend_v55a,2021-05-01_to_2026-05-31,not_ranked_cross_model
utilities_cashflow_value_v51b,2021-05-01_to_2026-05-31,not_ranked_cross_model
utilities_conditional_low_pb_cashflow_v51d,2021-05-01_to_2026-05-31,not_ranked_cross_model
utilities_demand_state_v51f,2021-05-01_to_2026-05-31,not_ranked_cross_model
utilities_low_pb_cashflow_v51c,2021-05-01_to_2026-05-31,not_ranked_cross_model
utilities_value_quality_v51,2021-05-01_to_2026-05-31,not_ranked_cross_model
v4_bank_candidate1,2021-05-01_to_2026-05-31,not_ranked_cross_model
v57f_startup_preload_repaired_baseline,2021-05-01_to_2026-05-31,not_ranked_cross_model
v5b_etf_holdings_reference_audit,2021-05-01_to_2026-05-31,not_ranked_cross_model
v5b_etf_pit_sector_gate_audit,2021-05-01_to_2026-05-31,not_ranked_cross_model
v5b_forward_paper_handoff,2021-05-01_to_2026-05-31,not_ranked_cross_model
v5b_no_jq_1234_execution,2021-05-01_to_2026-05-31,not_ranked_cross_model
v5b_no_jq_next_actions,2021-05-01_to_2026-05-31,not_ranked_cross_model
v5b_no_jq_sleeve_promotion,2021-05-01_to_2026-05-31,not_ranked_cross_model
v5b_non_core_sector_disposition,2021-05-01_to_2026-05-31,not_ranked_cross_model
v5b_non_core_sector_queue_execution,2021-05-01_to_2026-05-31,not_ranked_cross_model
v5b_telecom_sidecar_attribution,2021-05-01_to_2026-05-31,not_ranked_cross_model
v5b_telecom_specialist_policy,2021-05-01_to_2026-05-31,not_ranked_cross_model
v5b_three_track_execution,2021-05-01_to_2026-05-31,not_ranked_cross_model
v5b_three_track_execution_plan,2021-05-01_to_2026-05-31,not_ranked_cross_model
v5c_50w_execution_micro_audit,2021-05-01_to_2026-05-31,not_ranked_cross_model
v5c_50w_execution_optimization_test,2021-05-01_to_2026-05-31,not_ranked_cross_model
v5c_bank_power_dedicated_book_card_collection,2021-05-01_to_2026-05-31,not_ranked_cross_model
v5c_bank_power_financial_report_batch_extraction,2021-05-01_to_2026-05-31,not_ranked_cross_model
v5c_bank_power_financial_report_data_gate,2021-05-01_to_2026-05-31,not_ranked_cross_model
v5c_bank_power_financial_report_pit_panel,2021-05-01_to_2026-05-31,not_ranked_cross_model
v5c_bank_power_industry_factor_weight_test,2021-05-01_to_2026-05-31,not_ranked_cross_model
v5c_bank_power_single_factor_cross_section_test,2021-05-01_to_2026-05-31,not_ranked_cross_model
v5c_bank_power_v5f_attribution,2021-05-01_to_2026-05-31,not_ranked_cross_model
v5c_bank_special_mention_pre2021_train_test,2021-05-01_to_2026-05-31,not_ranked_cross_model
v5c_closeout,2021-05-01_to_2026-05-31,not_ranked_cross_model
v5c_closeout_defense_addendum,2021-05-01_to_2026-05-31,not_ranked_cross_model
v5c_continuation_decision,2021-05-01_to_2026-05-31,not_ranked_cross_model
v5c_core_infra_cashflow_field_repair,2021-05-01_to_2026-05-31,not_ranked_cross_model
v5c_cross_sector_pre2021_factor_screen,2021-05-01_to_2026-05-31,not_ranked_cross_model
v5c_cycle_sector_data_gate_queue,2021-05-01_to_2026-05-31,not_ranked_cross_model
v5c_defense_overlay_exploration,2021-05-01_to_2026-05-31,not_ranked_cross_model
v5c_defense_overlay_formal_validation,2021-05-01_to_2026-05-31,not_ranked_cross_model
v5c_defense_overlay_pm_quant_review,2021-05-01_to_2026-05-31,not_ranked_cross_model
v5c_erc_formal_validation,2021-05-01_to_2026-05-31,not_ranked_cross_model
v5c_erc_forward_paper_tracking,2021-05-01_to_2026-05-31,not_ranked_cross_model
v5c_erc_pm_quant_review,2021-05-01_to_2026-05-31,not_ranked_cross_model
v5c_final_archive,2021-05-01_to_2026-05-31,not_ranked_cross_model
v5c_financial_statement_expectation_layer,2021-05-01_to_2026-05-31,not_ranked_cross_model
v5c_fixed_rule_risk_budget_spec,2021-05-01_to_2026-05-31,not_ranked_cross_model
v5c_forward_financial_statement_tracking,2021-05-01_to_2026-05-31,not_ranked_cross_model
v5c_highway_capex_fcf_small_original_page_review,2021-05-01_to_2026-05-31,not_ranked_cross_model
v5c_highway_ocf_risk_cap_rule_freeze,2021-05-01_to_2026-05-31,not_ranked_cross_model
v5c_highway_ocf_risk_cap_v1_limited_engineering,2021-05-01_to_2026-05-31,not_ranked_cross_model
v5c_industry_knowledge_base_bank_power_p0,2021-05-01_to_2026-05-31,not_ranked_cross_model
v5c_infra_capex_original_statement_extraction,2021-05-01_to_2026-05-31,not_ranked_cross_model
v5c_infra_ocf_quality_fixed_rule_quant_spec,2021-05-01_to_2026-05-31,not_ranked_cross_model
v5c_key_metric_confidence_tilt_overlay,2021-05-01_to_2026-05-31,not_ranked_cross_model
v5c_key_weight_metric_prediction,2021-05-01_to_2026-05-31,not_ranked_cross_model
v5c_low_capital_version_handoff,2021-05-01_to_2026-05-31,not_ranked_cross_model
v5c_overheat_no_new_overweight_limited_engineering,2021-05-01_to_2026-05-31,not_ranked_cross_model
v5c_overheat_overlay_pm_quant_spec,2021-05-01_to_2026-05-31,not_ranked_cross_model
v5c_overlay_engineering_comparison,2021-05-01_to_2026-05-31,not_ranked_cross_model
v5c_overlay_hypothesis_admission,2021-05-01_to_2026-05-31,not_ranked_cross_model
v5c_overlay_quant_spec,2021-05-01_to_2026-05-31,not_ranked_cross_model
v5c_p0_local_data_gate,2021-05-01_to_2026-05-31,not_ranked_cross_model
v5c_p1_financial_quality_pit_panel,2021-05-01_to_2026-05-31,not_ranked_cross_model
v5c_p2_valuation_and_crowding_state_panel,2021-05-01_to_2026-05-31,not_ranked_cross_model
v5c_p3_state_governance_quant_spec,2021-05-01_to_2026-05-31,not_ranked_cross_model
v5c_p4_state_forward_observation_packet,2021-05-01_to_2026-05-31,not_ranked_cross_model
v5c_power_specialist_combo_deep_dive,2021-05-01_to_2026-05-31,not_ranked_cross_model
v5c_profit_taking_overheat_overlay,2021-05-01_to_2026-05-31,not_ranked_cross_model
v5c_risk_budget_overlay_engineering_comparison,2021-05-01_to_2026-05-31,not_ranked_cross_model
v5c_sidecar_observation_enhancement,2021-05-01_to_2026-05-31,not_ranked_cross_model
v5c_sleeve_level_risk_attribution,2021-05-01_to_2026-05-31,not_ranked_cross_model
v5c_sleeve_weighting_diagnostic,2021-05-01_to_2026-05-31,not_ranked_cross_model
v5c_sleeve_weighting_rigorous_test,2021-05-01_to_2026-05-31,not_ranked_cross_model
v5c_topx_capital_rigorous_test,2021-05-01_to_2026-05-31,not_ranked_cross_model
v5d_baostock_5min_data_gate,2021-05-01_to_2026-05-31,not_ranked_cross_model
v5d_closeout,2021-05-01_to_2026-05-31,not_ranked_cross_model
v5d_free_minute_source_audit,2021-05-01_to_2026-05-31,not_ranked_cross_model
v5d_l2_conservative_slippage_spec,2021-05-01_to_2026-05-31,not_ranked_cross_model
v5d_l2_execution_cost_broker_paper_review,2021-05-01_to_2026-05-31,not_ranked_cross_model
v5d_l2_liquidity_instant_fill_review,2021-05-01_to_2026-05-31,not_ranked_cross_model
v5d_l2_order_scheduling_pm_quant_review,2021-05-01_to_2026-05-31,not_ranked_cross_model
v5d_l3_1_unfilled_remediation,2021-05-01_to_2026-05-31,not_ranked_cross_model
v5d_l3_intraday_execution_engineering,2021-05-01_to_2026-05-31,not_ranked_cross_model
v5d_l3_intraday_execution_policy_spec,2021-05-01_to_2026-05-31,not_ranked_cross_model
v5d_l3_pm_quant_review,2021-05-01_to_2026-05-31,not_ranked_cross_model
v5d_l4_rebalance_neighborhood_order_completion,2021-05-01_to_2026-05-31,not_ranked_cross_model
v5d_minute_execution_audit,2021-05-01_to_2026-05-31,not_ranked_cross_model
v5d_minute_execution_robustness,2021-05-01_to_2026-05-31,not_ranked_cross_model
v5d_order_scheduling_engineering_test,2021-05-01_to_2026-05-31,not_ranked_cross_model
v5d_order_scheduling_policy_spec,2021-05-01_to_2026-05-31,not_ranked_cross_model
v5d_yixin_api_capability_probe,2021-05-01_to_2026-05-31,not_ranked_cross_model
v5e_511360_cash_proxy_forward_stress_packet,2021-05-01_to_2026-05-31,not_ranked_cross_model
v5e_511360_cash_proxy_limited_engineering,2021-05-01_to_2026-05-31,not_ranked_cross_model
v5e_511360_cash_proxy_limited_engineering_spec,2021-05-01_to_2026-05-31,not_ranked_cross_model
v5e_511360_cash_proxy_pm_quant_review,2021-05-01_to_2026-05-31,not_ranked_cross_model
v5e_511360_forward_paper_tracking,2021-05-01_to_2026-05-31,not_ranked_cross_model
v5e_511360_pit_data_audit,2021-05-01_to_2026-05-31,not_ranked_cross_model
v5e_capital_sensitivity_test,2021-05-01_to_2026-05-31,not_ranked_cross_model
v5e_cash_drag_robustness_packet,2021-05-01_to_2026-05-31,not_ranked_cross_model
v5e_cash_policy_review,2021-05-01_to_2026-05-31,not_ranked_cross_model
v5e_cash_proxy_asset_data_gate,2021-05-01_to_2026-05-31,not_ranked_cross_model
v5e_daily_momentum_diagnostic_addendum,2021-05-01_to_2026-05-31,not_ranked_cross_model
v5e_formal_validation_forward_packet,2021-05-01_to_2026-05-31,not_ranked_cross_model
v5e_forward_paper_continuation_v5f_prep,2021-05-01_to_2026-05-31,not_ranked_cross_model
v5e_forward_paper_daily_packet,2021-05-01_to_2026-05-31,not_ranked_cross_model
v5e_full_holding_5min_data_gate,2021-05-01_to_2026-05-31,not_ranked_cross_model
v5e_full_holding_5min_momentum_research,2021-05-01_to_2026-05-31,not_ranked_cross_model
v5e_full_holding_rolling_intraday_research,2021-05-01_to_2026-05-31,not_ranked_cross_model
v5e_full_intraday_nav_engineering_test,2021-05-01_to_2026-05-31,not_ranked_cross_model
v5e_historical_closeout_governance_packet,2021-05-01_to_2026-05-31,not_ranked_cross_model
v5e_holding_period_exit_pm_review,2021-05-01_to_2026-05-31,not_ranked_cross_model
v5e_limited_engineering_loop,2021-05-01_to_2026-05-31,not_ranked_cross_model
v5e_long_horizon_momentum_diagnostic,2021-05-01_to_2026-05-31,not_ranked_cross_model
v5e_momentum_addenda_closeout_packet,2021-05-01_to_2026-05-31,not_ranked_cross_model
v5e_pm_quant_formal_review,2021-05-01_to_2026-05-31,not_ranked_cross_model
v5e_post_exit_5min_monitoring_audit_packet,2021-05-01_to_2026-05-31,not_ranked_cross_model
v5e_post_exit_5min_monitoring_data_gate,2021-05-01_to_2026-05-31,not_ranked_cross_model
v5e_profit_lock_execution_robust_formal_review,2021-05-01_to_2026-05-31,not_ranked_cross_model
v5e_profit_lock_main_20pct_sell50,2021-05-01_to_2026-05-31,not_ranked_cross_model
v5e_profit_lock_main_forward_paper_execution_tracking,2021-05-01_to_2026-05-31,not_ranked_cross_model
v5e_profit_lock_model_comparison,2021-05-01_to_2026-05-31,not_ranked_cross_model
v5e_quant_spec_single_name_exit,2021-05-01_to_2026-05-31,not_ranked_cross_model
v5e_reasonable_momentum_range_test,2021-05-01_to_2026-05-31,not_ranked_cross_model
v5e_short_financing_etf_cash_proxy_selection_gate,2021-05-01_to_2026-05-31,not_ranked_cross_model
v5e_sleeve_cash_bucket_engineering,2021-05-01_to_2026-05-31,not_ranked_cross_model
v5e_sleeve_cash_policy_quant_spec,2021-05-01_to_2026-05-31,not_ranked_cross_model
v5e_sleeve_level_risk_release_limited_engineering,2021-05-01_to_2026-05-31,not_ranked_cross_model
v5e_sleeve_level_risk_release_pm_spec,2021-05-01_to_2026-05-31,not_ranked_cross_model
v5e_sleeve_level_risk_release_quant_spec,2021-05-01_to_2026-05-31,not_ranked_cross_model
v5e_trigger_day_5min_execution_data_gate,2021-05-01_to_2026-05-31,not_ranked_cross_model
v5e_trigger_day_5min_execution_proxy_test,2021-05-01_to_2026-05-31,not_ranked_cross_model
v5f_1min_forward_observation_append,2021-05-01_to_2026-05-31,not_ranked_cross_model
v5f_1min_intraday_relative_zone_timing_test,2021-05-01_to_2026-05-31,not_ranked_cross_model
v5f_1min_microstructure_signal_quality_gate,2021-05-01_to_2026-05-31,not_ranked_cross_model
v5f_1min_queue_123_execution,2021-05-01_to_2026-05-31,not_ranked_cross_model
v5f_1min_vwap_execution_precision_audit,2021-05-01_to_2026-05-31,not_ranked_cross_model
v5f_adaptive_momentum_governance,2021-05-01_to_2026-05-31,not_ranked_cross_model
v5f_backtest_scope_governance_correction,2021-05-01_to_2026-05-31,not_ranked_cross_model
v5f_clean_forward_target_population,2021-05-01_to_2026-05-31,not_ranked_cross_model
v5f_deployment_governance_paper_workflow,2021-05-01_to_2026-05-31,not_ranked_cross_model
v5f_event_triggered_mean_reversion_borrowing_test,2021-05-01_to_2026-05-31,not_ranked_cross_model
v5f_extreme_value_reversion,2021-05-01_to_2026-05-31,not_ranked_cross_model
v5f_forward_continuation_v5g01_closeout,2021-05-01_to_2026-05-31,not_ranked_cross_model
v5f_forward_paper_tracking_with_v5c_state_tags,2021-05-01_to_2026-05-31,not_ranked_cross_model
v5f_forward_paper_v5c_state_tags,2021-05-01_to_2026-05-31,not_ranked_cross_model
v5f_improvement_queue_execution,2021-05-01_to_2026-05-31,not_ranked_cross_model
v5f_internal_subsleeve_candidate_replacement_packet,2021-05-01_to_2026-05-31,not_ranked_cross_model
v5f_internal_subsleeve_deep_engineering,2021-05-01_to_2026-05-31,not_ranked_cross_model
v5f_internal_subsleeve_deep_research_spec,2021-05-01_to_2026-05-31,not_ranked_cross_model
v5f_internal_subsleeve_deployment_governance,2021-05-01_to_2026-05-31,not_ranked_cross_model
v5f_internal_subsleeve_forward_paper_tracking,2021-05-01_to_2026-05-31,not_ranked_cross_model
v5f_internal_subsleeve_pm_quant_review,2021-05-01_to_2026-05-31,not_ranked_cross_model
v5f_internal_subsleeve_queue_123_execution,2021-05-01_to_2026-05-31,not_ranked_cross_model
v5f_internal_subsleeve_robustness_packet,2021-05-01_to_2026-05-31,not_ranked_cross_model
v5f_joinquant_export_checklist,2021-05-01_to_2026-05-31,not_ranked_cross_model
v5f_joinquant_now_execution,2021-05-01_to_2026-05-31,not_ranked_cross_model
v5f_joinquant_platform_attribution,2021-05-01_to_2026-05-31,not_ranked_cross_model
v5f_joinquant_platform_forward_handoff,2021-05-01_to_2026-05-31,not_ranked_cross_model
v5f_local_1min_data_package_audit,2021-05-01_to_2026-05-31,not_ranked_cross_model
v5f_locked_pool_conditional_momentum,2021-05-01_to_2026-05-31,not_ranked_cross_model
v5f_locked_pool_daily_momentum_governance,2021-05-01_to_2026-05-31,not_ranked_cross_model
v5f_mean_reversion_diagnostic,2021-05-01_to_2026-05-31,not_ranked_cross_model
v5f_model_comparison_progress,2021-05-01_to_2026-05-31,not_ranked_cross_model
v5f_momentum_weight_tilt_backtest_scope,2021-05-01_to_2026-05-31,not_ranked_cross_model
v5f_momentum_weight_tilt_forward_paper_tracking,2021-05-01_to_2026-05-31,not_ranked_cross_model
v5f_momentum_weight_tilt_limited_engineering,2021-05-01_to_2026-05-31,not_ranked_cross_model
v5f_momentum_weight_tilt_pm_quant_review,2021-05-01_to_2026-05-31,not_ranked_cross_model
v5f_momentum_weight_tilt_quant_spec,2021-05-01_to_2026-05-31,not_ranked_cross_model
v5f_needed_model_full_comparison,2021-05-01_to_2026-05-31,not_ranked_cross_model
v5f_overlay_deployment_governance_review,2021-05-01_to_2026-05-31,not_ranked_cross_model
v5f_paper_workflow_artifacts,2021-05-01_to_2026-05-31,not_ranked_cross_model
v5f_physics_curve_diagnostic_spec,2021-05-01_to_2026-05-31,not_ranked_cross_model
v5f_physics_curve_full_5min_diagnostic,2021-05-01_to_2026-05-31,not_ranked_cross_model
v5f_pre2021_5min_blocker_completion,2021-05-01_to_2026-05-31,not_ranked_cross_model
v5f_pre2021_factor_panel_repair,2021-05-01_to_2026-05-31,not_ranked_cross_model
v5f_pre2021_multisleeve_mainline_validation,2021-05-01_to_2026-05-31,not_ranked_cross_model
v5f_pre2021_repaired_multisleeve_data_gate,2021-05-01_to_2026-05-31,not_ranked_cross_model
v5f_prebacktest_5min_to_backtest,2021-05-01_to_2026-05-31,not_ranked_cross_model
v5f_prejq_local_closeout,2021-05-01_to_2026-05-31,not_ranked_cross_model
v5f_prejq_v5c_v5g_integration,2021-05-01_to_2026-05-31,not_ranked_cross_model
v5f_progress_checkpoint,2021-05-01_to_2026-05-31,not_ranked_cross_model
v5f_quality_value_mean_reversion,2021-05-01_to_2026-05-31,not_ranked_cross_model
v5f_repaired_baseline_overlay_comparison,2021-05-01_to_2026-05-31,not_ranked_cross_model
v5f_repaired_overlay_forward_paper_tracking,2021-05-01_to_2026-05-31,not_ranked_cross_model
v5f_short_window_reversion_diagnostic,2021-05-01_to_2026-05-31,not_ranked_cross_model
v5f_short_window_reversion_nav_engineering,2021-05-01_to_2026-05-31,not_ranked_cross_model
v5f_short_window_reversion_walk_forward_robustness,2021-05-01_to_2026-05-31,not_ranked_cross_model
v5f_short_window_spike_reversion_symmetry,2021-05-01_to_2026-05-31,not_ranked_cross_model
v5f_spike_funded_mr_borrowing_forward_observation,2021-05-01_to_2026-05-31,not_ranked_cross_model
v5f_spike_funded_mr_borrowing_independent_validation_gate,2021-05-01_to_2026-05-31,not_ranked_cross_model
v5f_spike_mr_prebacktest_to_backtest_jq_sim,2021-05-01_to_2026-05-31,not_ranked_cross_model
v5f_spike_mr_signal_quality_filter_spec,2021-05-01_to_2026-05-31,not_ranked_cross_model
v5f_spike_mr_sleeve_threshold_effectiveness_audit,2021-05-01_to_2026-05-31,not_ranked_cross_model
v5f_structural_rough_screen,2021-05-01_to_2026-05-31,not_ranked_cross_model
v5f_v57f_qv_mr_combination,2021-05-01_to_2026-05-31,not_ranked_cross_model
v5f_value_momentum_reversion_balance_test,2021-05-01_to_2026-05-31,not_ranked_cross_model
v5g_01_state_gated_internal_subsleeve_limited_engineering,2021-05-01_to_2026-05-31,not_ranked_cross_model
v5g_01_state_gated_internal_subsleeve_quant_spec,2021-05-01_to_2026-05-31,not_ranked_cross_model
v5g_02_quality_guarded_momentum_factor_validation,2021-05-01_to_2026-05-31,not_ranked_cross_model
v5g_03_erc_state_budget_conflict_review,2021-05-01_to_2026-05-31,not_ranked_cross_model
v5g_04_cash_proxy_policy_data_gate,2021-05-01_to_2026-05-31,not_ranked_cross_model
v5g_04_exit_policy_spec,2021-05-01_to_2026-05-31,not_ranked_cross_model
v5g_05_short_window_reversion_independent_validation_gate,2021-05-01_to_2026-05-31,not_ranked_cross_model
v5g_cross_line_model_research_startup,2021-05-01_to_2026-05-31,not_ranked_cross_model
v5g_next_queue_execution,2021-05-01_to_2026-05-31,not_ranked_cross_model
v5g_vs_midterm_model_comparison,2021-05-01_to_2026-05-31,not_ranked_cross_model
v5h_1min_research_line_governance,2021-05-01_to_2026-05-31,not_ranked_cross_model
v5h_1min_volume_amount_timing_test,2021-05-01_to_2026-05-31,not_ranked_cross_model
v5h_buy_execution_backtest,2021-05-01_to_2026-05-31,not_ranked_cross_model
v5h_buy_execution_queue_123,2021-05-01_to_2026-05-31,not_ranked_cross_model
v5h_buy_execution_spec_v1,2021-05-01_to_2026-05-31,not_ranked_cross_model
v5h_buy_execution_spec_v1_forward_observation,2021-05-01_to_2026-05-31,not_ranked_cross_model
v5h_buy_execution_spec_v1_jq_broker_paper_mapping,2021-05-01_to_2026-05-31,not_ranked_cross_model
v5h_buy_execution_timing_overlay,2021-05-01_to_2026-05-31,not_ranked_cross_model
v5h_combined_buy_execution_overlay_v1_observation,2021-05-01_to_2026-05-31,not_ranked_cross_model
v5h_market_cap_pit_segmentation_gate,2021-05-01_to_2026-05-31,not_ranked_cross_model
v5h_market_cap_pit_source_repair,2021-05-01_to_2026-05-31,not_ranked_cross_model
v5h_pre2021_total_market_cap_source_repair,2021-05-01_to_2026-05-31,not_ranked_cross_model
v5h_quiet_or_active_independent_validation,2021-05-01_to_2026-05-31,not_ranked_cross_model
v5h_segmented_1min_execution_diagnostic,2021-05-01_to_2026-05-31,not_ranked_cross_model
v5h_size_liquidity_interaction_independent_validation,2021-05-01_to_2026-05-31,not_ranked_cross_model
v5i_sell_execution_closeout,2021-05-01_to_2026-05-31,not_ranked_cross_model
v5i_sell_execution_evaluation,2021-05-01_to_2026-05-31,not_ranked_cross_model
v5i_sell_execution_provenance,2021-05-01_to_2026-05-31,not_ranked_cross_model
v5i_technical_exploration_hour_packet,2021-05-01_to_2026-05-31,not_ranked_cross_model
v5i_technical_sell_execution_quant_spec,2021-05-01_to_2026-05-31,not_ranked_cross_model
v5j_1min_technical_pattern_diagnostic,2021-05-01_to_2026-05-31,not_ranked_cross_model
v5j_5day_1min_family_execution_validation,2021-05-01_to_2026-05-31,not_ranked_cross_model
v5j_5day_1min_sell_formal_backtest,2021-05-01_to_2026-05-31,not_ranked_cross_model
v5j_bank_2011_2012_regulatory_pdf_repair,2021-05-01_to_2026-05-31,not_ranked_cross_model
v5j_cross_period_technical_validation_gate,2021-05-01_to_2026-05-31,not_ranked_cross_model
v5j_family_sell_execution_formal_backtest,2021-05-01_to_2026-05-31,not_ranked_cross_model
v5j_family_specific_sell_timing_diagnostic,2021-05-01_to_2026-05-31,not_ranked_cross_model
v5j_frozen_buy_timing_full_pit_validation,2021-05-01_to_2026-05-31,not_ranked_cross_model
v5j_frozen_sell_timing_full_pit_validation,2021-05-01_to_2026-05-31,not_ranked_cross_model
v5j_frozen_v5f_exact_target_validation,2021-05-01_to_2026-05-31,not_ranked_cross_model
v5j_infra_cashflow_parser_failure_diagnostic,2021-05-01_to_2026-05-31,not_ranked_cross_model
v5j_local_adjust_factor_corporate_action,2021-05-01_to_2026-05-31,not_ranked_cross_model
v5j_material_action_original_notice_extract,2021-05-01_to_2026-05-31,not_ranked_cross_model
v5j_material_action_unclassified_notice_fallback,2021-05-01_to_2026-05-31,not_ranked_cross_model
v5j_material_corporate_action_notice_repair,2021-05-01_to_2026-05-31,not_ranked_cross_model
v5j_missing_1min_source_repair,2021-05-01_to_2026-05-31,not_ranked_cross_model
v5j_momentum_cash_neutral_engineering,2021-05-01_to_2026-05-31,not_ranked_cross_model
v5j_momentum_daily_price_volume_sell,2021-05-01_to_2026-05-31,not_ranked_cross_model
v5j_momentum_overlay_cash_neutral_execution_spec,2021-05-01_to_2026-05-31,not_ranked_cross_model
v5j_momentum_overlay_partial_buy_skip,2021-05-01_to_2026-05-31,not_ranked_cross_model
v5j_overlay_only_sell_formal_backtest,2021-05-01_to_2026-05-31,not_ranked_cross_model
v5j_overlay_only_sell_validation,2021-05-01_to_2026-05-31,not_ranked_cross_model
v5j_pit_availability_boundary_closeout,2021-05-01_to_2026-05-31,not_ranked_cross_model
v5j_pit_disclosure_trust_audit,2021-05-01_to_2026-05-31,not_ranked_cross_model
v5j_pit_dividend_corporate_action_ledger,2021-05-01_to_2026-05-31,not_ranked_cross_model
v5j_pit_pool_1min_pairing,2021-05-01_to_2026-05-31,not_ranked_cross_model
v5j_pre2019_pit_rebuild_data_gate,2021-05-01_to_2026-05-31,not_ranked_cross_model
v5j_pre2021_infra_original_cashflow_panel,2021-05-01_to_2026-05-31,not_ranked_cross_model
v5j_pre2021_pit_repair_continuation_queue,2021-05-01_to_2026-05-31,not_ranked_cross_model
v5j_pre2021_target_reconstruction_readiness,2021-05-01_to_2026-05-31,not_ranked_cross_model
v5j_repaired_multisleeve_pit_pool,2021-05-01_to_2026-05-31,not_ranked_cross_model
v5j_statement_visible_date_factor_panel,2021-05-01_to_2026-05-31,not_ranked_cross_model
v5j_technical_existing_model_validation,2021-05-01_to_2026-05-31,not_ranked_cross_model
v5j_v4_bank_indicator_pit_reuse_gate,2021-05-01_to_2026-05-31,not_ranked_cross_model
v5j_v5e_profit_lock_sell_timing_proxy,2021-05-01_to_2026-05-31,not_ranked_cross_model
v5k_active_model_registry,2021-05-01_to_2026-05-31,not_ranked_cross_model
v5k_experiment_catalog,2021-05-01_to_2026-05-31,not_ranked_cross_model
v5k_historical_platform_contract_archive,2021-05-01_to_2026-05-31,not_ranked_cross_model
v5k_reproducibility_provenance,2021-05-01_to_2026-05-31,not_ranked_cross_model
v5k_strategy_development_workflow_audit,2021-05-01_to_2026-05-31,not_ranked_cross_model
v5k_workflow_activation_repair,2021-05-01_to_2026-05-31,not_ranked_cross_model
v5k_workflow_repair_closeout,2021-05-01_to_2026-05-31,not_ranked_cross_model
v5l_candidate_hardening_closeout,2021-05-01_to_2026-05-31,not_ranked_cross_model
v5l_cash_constrained_nav_validation,2021-05-01_to_2026-05-31,not_ranked_cross_model
v5l_primary_candidate_risk_observation,2021-05-01_to_2026-05-31,not_ranked_cross_model
v5l_qmt_execution_evidence_and_forward_readiness,2021-05-01_to_2026-05-31,not_ranked_cross_model
v5m_forward_paper_cycle_readiness,2021-05-01_to_2026-05-31,not_ranked_cross_model
v5m_p0_closure,2021-05-01_to_2026-05-31,not_ranked_cross_model
v5m_qmt_historical_contract_recovery,2021-05-01_to_2026-05-31,not_ranked_cross_model
v5m_strict_cash_state_nav_repair,2021-05-01_to_2026-05-31,not_ranked_cross_model
v5m_workflow_test_isolation_repair,2021-05-01_to_2026-05-31,not_ranked_cross_model
