canonical_model_id,report_status,daily_series_status,benchmark_status,validation_status,limitations
airport_transport_cashflow_operating_state_v58,performance_data_unavailable,daily_nav_unavailable,benchmark_coverage_insufficient,daily_nav_unavailable,companion_reporting_only;no_model_status_change;daily_nav_or_returns_unavailable;eligible_benchmark_unavailable;comparison_does_not_repair_cash_or_order_contract
airport_transport_franchise_state_v58b,performance_data_unavailable,daily_nav_unavailable,benchmark_coverage_insufficient,daily_nav_unavailable,companion_reporting_only;no_model_status_change;daily_nav_or_returns_unavailable;eligible_benchmark_unavailable;comparison_does_not_repair_cash_or_order_contract
cement_cycle_aware_ocf_low_vol_v5a9,performance_data_unavailable,daily_nav_unavailable,benchmark_coverage_insufficient,daily_nav_unavailable,companion_reporting_only;no_model_status_change;daily_nav_or_returns_unavailable;eligible_benchmark_unavailable;comparison_does_not_repair_cash_or_order_contract
coal_high_dividend_cycle_value_v52,performance_data_unavailable,daily_nav_unavailable,benchmark_coverage_insufficient,daily_nav_unavailable,companion_reporting_only;no_model_status_change;daily_nav_or_returns_unavailable;eligible_benchmark_unavailable;comparison_does_not_repair_cash_or_order_contract
consumer_staples_ocf_low_vol_v5a5,performance_data_unavailable,daily_nav_unavailable,benchmark_coverage_insufficient,daily_nav_unavailable,companion_reporting_only;no_model_status_change;daily_nav_or_returns_unavailable;eligible_benchmark_unavailable;comparison_does_not_repair_cash_or_order_contract
dividend_low_vol_fcf_basket_v56,performance_data_unavailable,daily_nav_unavailable,benchmark_coverage_insufficient,daily_nav_unavailable,companion_reporting_only;no_model_status_change;daily_nav_or_returns_unavailable;eligible_benchmark_unavailable;comparison_does_not_repair_cash_or_order_contract
dividend_ocf_low_vol_basket_v56b,performance_data_unavailable,daily_nav_unavailable,benchmark_coverage_insufficient,daily_nav_unavailable,companion_reporting_only;no_model_status_change;daily_nav_or_returns_unavailable;eligible_benchmark_unavailable;comparison_does_not_repair_cash_or_order_contract
dividend_ocf_vol_guard_basket_v56c,performance_data_unavailable,daily_nav_unavailable,benchmark_coverage_insufficient,daily_nav_unavailable,companion_reporting_only;no_model_status_change;daily_nav_or_returns_unavailable;eligible_benchmark_unavailable;comparison_does_not_repair_cash_or_order_contract
food_beverage_low_vol_diagnostic_v5a5b,diagnostic_only_no_nav_claim,daily_nav_unavailable,benchmark_coverage_insufficient,daily_nav_unavailable,companion_reporting_only;no_model_status_change;daily_nav_or_returns_unavailable;eligible_benchmark_unavailable;comparison_does_not_repair_cash_or_order_contract
food_beverage_ocf_low_vol_v5a5,performance_data_unavailable,daily_nav_unavailable,benchmark_coverage_insufficient,daily_nav_unavailable,companion_reporting_only;no_model_status_change;daily_nav_or_returns_unavailable;eligible_benchmark_unavailable;comparison_does_not_repair_cash_or_order_contract
gas_water_cashflow_dividend_v55a,performance_data_unavailable,daily_nav_unavailable,benchmark_coverage_insufficient,daily_nav_unavailable,companion_reporting_only;no_model_status_change;daily_nav_or_returns_unavailable;eligible_benchmark_unavailable;comparison_does_not_repair_cash_or_order_contract
gas_water_collection_debt_guard_v57c,performance_data_unavailable,daily_nav_unavailable,benchmark_coverage_insufficient,daily_nav_unavailable,companion_reporting_only;no_model_status_change;daily_nav_or_returns_unavailable;eligible_benchmark_unavailable;comparison_does_not_repair_cash_or_order_contract
gas_water_ocf_dividend_guard_v57a,performance_data_unavailable,daily_nav_unavailable,benchmark_coverage_insufficient,daily_nav_unavailable,companion_reporting_only;no_model_status_change;daily_nav_or_returns_unavailable;eligible_benchmark_unavailable;comparison_does_not_repair_cash_or_order_contract
gas_water_true_operating_state_diagnostic_v59,diagnostic_only_no_nav_claim,daily_nav_unavailable,benchmark_coverage_insufficient,daily_nav_unavailable,companion_reporting_only;no_model_status_change;daily_nav_or_returns_unavailable;eligible_benchmark_unavailable;comparison_does_not_repair_cash_or_order_contract
highway_cashflow_dividend_v54,performance_data_unavailable,daily_nav_unavailable,benchmark_coverage_insufficient,daily_nav_unavailable,companion_reporting_only;no_model_status_change;daily_nav_or_returns_unavailable;eligible_benchmark_unavailable;comparison_does_not_repair_cash_or_order_contract
highway_dividend_operating_state_v54c,performance_data_unavailable,daily_nav_unavailable,benchmark_coverage_insufficient,daily_nav_unavailable,companion_reporting_only;no_model_status_change;daily_nav_or_returns_unavailable;eligible_benchmark_unavailable;comparison_does_not_repair_cash_or_order_contract
highway_dividend_reviewed_operating_v54f,performance_data_unavailable,daily_nav_unavailable,benchmark_coverage_insufficient,daily_nav_unavailable,companion_reporting_only;no_model_status_change;daily_nav_or_returns_unavailable;eligible_benchmark_unavailable;comparison_does_not_repair_cash_or_order_contract
highway_dividend_segment_purity_v54d,performance_data_unavailable,daily_nav_unavailable,benchmark_coverage_insufficient,daily_nav_unavailable,companion_reporting_only;no_model_status_change;daily_nav_or_returns_unavailable;eligible_benchmark_unavailable;comparison_does_not_repair_cash_or_order_contract
highway_dividend_segment_purity_v54e,performance_data_unavailable,daily_nav_unavailable,benchmark_coverage_insufficient,daily_nav_unavailable,companion_reporting_only;no_model_status_change;daily_nav_or_returns_unavailable;eligible_benchmark_unavailable;comparison_does_not_repair_cash_or_order_contract
highway_high_dividend_cashflow_diagnostics_v54b,diagnostic_only_no_nav_claim,daily_nav_unavailable,benchmark_coverage_insufficient,daily_nav_unavailable,companion_reporting_only;no_model_status_change;daily_nav_or_returns_unavailable;eligible_benchmark_unavailable;comparison_does_not_repair_cash_or_order_contract
home_appliances_ocf_low_vol_v5a5,performance_data_unavailable,daily_nav_unavailable,benchmark_coverage_insufficient,daily_nav_unavailable,companion_reporting_only;no_model_status_change;daily_nav_or_returns_unavailable;eligible_benchmark_unavailable;comparison_does_not_repair_cash_or_order_contract
home_appliances_ocf_quality_v5a5b,performance_data_unavailable,daily_nav_unavailable,benchmark_coverage_insufficient,daily_nav_unavailable,companion_reporting_only;no_model_status_change;daily_nav_or_returns_unavailable;eligible_benchmark_unavailable;comparison_does_not_repair_cash_or_order_contract
insurance_low_pb_dividend_v53b,performance_data_unavailable,daily_nav_unavailable,benchmark_coverage_insufficient,daily_nav_unavailable,companion_reporting_only;no_model_status_change;daily_nav_or_returns_unavailable;eligible_benchmark_unavailable;comparison_does_not_repair_cash_or_order_contract
insurance_low_pb_solvency_guard_v53e,performance_data_unavailable,daily_nav_unavailable,benchmark_coverage_insufficient,daily_nav_unavailable,companion_reporting_only;no_model_status_change;daily_nav_or_returns_unavailable;eligible_benchmark_unavailable;comparison_does_not_repair_cash_or_order_contract
insurance_pev_nbv_v53f_diagnostic,diagnostic_only_no_nav_claim,daily_nav_unavailable,benchmark_coverage_insufficient,daily_nav_unavailable,companion_reporting_only;no_model_status_change;daily_nav_or_returns_unavailable;eligible_benchmark_unavailable;comparison_does_not_repair_cash_or_order_contract
insurance_value_investment_solvency_v53d,performance_data_unavailable,daily_nav_unavailable,benchmark_coverage_insufficient,daily_nav_unavailable,companion_reporting_only;no_model_status_change;daily_nav_or_returns_unavailable;eligible_benchmark_unavailable;comparison_does_not_repair_cash_or_order_contract
insurance_value_quality_v53_test1,performance_data_unavailable,daily_nav_unavailable,benchmark_coverage_insufficient,daily_nav_unavailable,companion_reporting_only;no_model_status_change;daily_nav_or_returns_unavailable;eligible_benchmark_unavailable;comparison_does_not_repair_cash_or_order_contract
locked_pool_monthly_mom12_70_30,diagnostic_only_no_nav_claim,daily_nav_unavailable,benchmark_coverage_insufficient,daily_nav_unavailable,companion_reporting_only;no_model_status_change;daily_nav_or_returns_unavailable;eligible_benchmark_unavailable;comparison_does_not_repair_cash_or_order_contract
mr_borrow_paired_drop_spike_net0_cap10_next2,diagnostic_only_no_nav_claim,daily_nav_unavailable,benchmark_coverage_insufficient,daily_nav_unavailable,companion_reporting_only;no_model_status_change;daily_nav_or_returns_unavailable;eligible_benchmark_unavailable;comparison_does_not_repair_cash_or_order_contract
oil_gas_ocf_dividend_cycle_probe_v58a,performance_data_unavailable,daily_nav_unavailable,benchmark_coverage_insufficient,daily_nav_unavailable,companion_reporting_only;no_model_status_change;daily_nav_or_returns_unavailable;eligible_benchmark_unavailable;comparison_does_not_repair_cash_or_order_contract
oil_gas_ocf_low_vol_value_v58b,performance_data_unavailable,daily_nav_unavailable,benchmark_coverage_insufficient,daily_nav_unavailable,companion_reporting_only;no_model_status_change;daily_nav_or_returns_unavailable;eligible_benchmark_unavailable;comparison_does_not_repair_cash_or_order_contract
oil_gas_state_conditioned_ocf_v58d,performance_data_unavailable,daily_nav_unavailable,benchmark_coverage_insufficient,daily_nav_unavailable,companion_reporting_only;no_model_status_change;daily_nav_or_returns_unavailable;eligible_benchmark_unavailable;comparison_does_not_repair_cash_or_order_contract
port_rail_cashflow_dividend_v55a,performance_data_unavailable,daily_nav_unavailable,benchmark_coverage_insufficient,daily_nav_unavailable,companion_reporting_only;no_model_status_change;daily_nav_or_returns_unavailable;eligible_benchmark_unavailable;comparison_does_not_repair_cash_or_order_contract
port_rail_cashflow_operating_state_v55b,performance_data_unavailable,daily_nav_unavailable,benchmark_coverage_insufficient,daily_nav_unavailable,companion_reporting_only;no_model_status_change;daily_nav_or_returns_unavailable;eligible_benchmark_unavailable;comparison_does_not_repair_cash_or_order_contract
pressure_positive_1000_else_1400_buy,execution_only_no_strategy_nav,daily_nav_unavailable,benchmark_coverage_insufficient,daily_nav_unavailable,companion_reporting_only;no_model_status_change;daily_nav_or_returns_unavailable;eligible_benchmark_unavailable
telecom_operators_cashflow_dividend_v55a,performance_data_unavailable,daily_nav_unavailable,benchmark_coverage_insufficient,daily_nav_unavailable,companion_reporting_only;no_model_status_change;daily_nav_or_returns_unavailable;eligible_benchmark_unavailable;comparison_does_not_repair_cash_or_order_contract
utilities_cashflow_value_v51b,performance_data_unavailable,daily_nav_unavailable,benchmark_coverage_insufficient,daily_nav_unavailable,companion_reporting_only;no_model_status_change;daily_nav_or_returns_unavailable;eligible_benchmark_unavailable;comparison_does_not_repair_cash_or_order_contract
utilities_conditional_low_pb_cashflow_v51d,performance_data_unavailable,daily_nav_unavailable,benchmark_coverage_insufficient,daily_nav_unavailable,companion_reporting_only;no_model_status_change;daily_nav_or_returns_unavailable;eligible_benchmark_unavailable;comparison_does_not_repair_cash_or_order_contract
utilities_low_pb_cashflow_v51c,performance_data_unavailable,daily_nav_unavailable,benchmark_coverage_insufficient,daily_nav_unavailable,companion_reporting_only;no_model_status_change;daily_nav_or_returns_unavailable;eligible_benchmark_unavailable;comparison_does_not_repair_cash_or_order_contract
utilities_value_quality_v51,performance_data_unavailable,daily_nav_unavailable,benchmark_coverage_insufficient,daily_nav_unavailable,companion_reporting_only;no_model_status_change;daily_nav_or_returns_unavailable;eligible_benchmark_unavailable;comparison_does_not_repair_cash_or_order_contract
v4_bank_candidate1,performance_data_unavailable,daily_nav_unavailable,benchmark_coverage_insufficient,daily_nav_unavailable,companion_reporting_only;no_model_status_change;daily_nav_or_returns_unavailable;eligible_benchmark_unavailable;comparison_does_not_repair_cash_or_order_contract
v5b_etf_holdings_reference_audit,diagnostic_only_no_nav_claim,daily_nav_unavailable,benchmark_coverage_insufficient,daily_nav_unavailable,companion_reporting_only;no_model_status_change;daily_nav_or_returns_unavailable;eligible_benchmark_unavailable;comparison_does_not_repair_cash_or_order_contract
v5b_etf_pit_sector_gate_audit,diagnostic_only_no_nav_claim,daily_nav_unavailable,benchmark_coverage_insufficient,daily_nav_unavailable,companion_reporting_only;no_model_status_change;daily_nav_or_returns_unavailable;eligible_benchmark_unavailable;comparison_does_not_repair_cash_or_order_contract
v5b_forward_paper_handoff,performance_data_unavailable,daily_nav_unavailable,benchmark_coverage_insufficient,daily_nav_unavailable,companion_reporting_only;no_model_status_change;daily_nav_or_returns_unavailable;eligible_benchmark_unavailable;comparison_does_not_repair_cash_or_order_contract
v5b_no_jq_1234_execution,execution_only_no_strategy_nav,daily_nav_unavailable,benchmark_coverage_insufficient,daily_nav_unavailable,companion_reporting_only;no_model_status_change;daily_nav_or_returns_unavailable;eligible_benchmark_unavailable;comparison_does_not_repair_cash_or_order_contract
v5b_no_jq_next_actions,execution_only_no_strategy_nav,daily_nav_unavailable,benchmark_coverage_insufficient,daily_nav_unavailable,companion_reporting_only;no_model_status_change;daily_nav_or_returns_unavailable;eligible_benchmark_unavailable;comparison_does_not_repair_cash_or_order_contract
v5b_no_jq_sleeve_promotion,performance_data_unavailable,daily_nav_unavailable,benchmark_coverage_insufficient,daily_nav_unavailable,companion_reporting_only;no_model_status_change;daily_nav_or_returns_unavailable;eligible_benchmark_unavailable;comparison_does_not_repair_cash_or_order_contract
v5b_non_core_sector_disposition,performance_data_unavailable,daily_nav_unavailable,benchmark_coverage_insufficient,daily_nav_unavailable,companion_reporting_only;no_model_status_change;daily_nav_or_returns_unavailable;eligible_benchmark_unavailable;comparison_does_not_repair_cash_or_order_contract
v5b_non_core_sector_queue_execution,execution_only_no_strategy_nav,daily_nav_unavailable,benchmark_coverage_insufficient,daily_nav_unavailable,companion_reporting_only;no_model_status_change;daily_nav_or_returns_unavailable;eligible_benchmark_unavailable;comparison_does_not_repair_cash_or_order_contract
v5b_telecom_sidecar_attribution,performance_data_unavailable,daily_nav_unavailable,benchmark_coverage_insufficient,daily_nav_unavailable,companion_reporting_only;no_model_status_change;daily_nav_or_returns_unavailable;eligible_benchmark_unavailable;comparison_does_not_repair_cash_or_order_contract
v5b_telecom_specialist_policy,diagnostic_only_no_nav_claim,daily_nav_unavailable,benchmark_coverage_insufficient,daily_nav_unavailable,companion_reporting_only;no_model_status_change;daily_nav_or_returns_unavailable;eligible_benchmark_unavailable;comparison_does_not_repair_cash_or_order_contract
v5b_three_track_execution,execution_only_no_strategy_nav,daily_nav_unavailable,benchmark_coverage_insufficient,daily_nav_unavailable,companion_reporting_only;no_model_status_change;daily_nav_or_returns_unavailable;eligible_benchmark_unavailable;comparison_does_not_repair_cash_or_order_contract
v5b_three_track_execution_plan,execution_only_no_strategy_nav,daily_nav_unavailable,benchmark_coverage_insufficient,daily_nav_unavailable,companion_reporting_only;no_model_status_change;daily_nav_or_returns_unavailable;eligible_benchmark_unavailable;comparison_does_not_repair_cash_or_order_contract
v5c_50w_execution_micro_audit,execution_only_no_strategy_nav,daily_nav_unavailable,benchmark_coverage_insufficient,daily_nav_unavailable,companion_reporting_only;no_model_status_change;daily_nav_or_returns_unavailable;eligible_benchmark_unavailable;comparison_does_not_repair_cash_or_order_contract
v5c_bank_power_dedicated_book_card_collection,performance_data_unavailable,daily_nav_unavailable,benchmark_coverage_insufficient,daily_nav_unavailable,companion_reporting_only;no_model_status_change;daily_nav_or_returns_unavailable;eligible_benchmark_unavailable;comparison_does_not_repair_cash_or_order_contract
v5c_bank_power_financial_report_batch_extraction,performance_data_unavailable,daily_nav_unavailable,benchmark_coverage_insufficient,daily_nav_unavailable,companion_reporting_only;no_model_status_change;daily_nav_or_returns_unavailable;eligible_benchmark_unavailable;comparison_does_not_repair_cash_or_order_contract
v5c_bank_power_financial_report_data_gate,diagnostic_only_no_nav_claim,daily_nav_unavailable,benchmark_coverage_insufficient,daily_nav_unavailable,companion_reporting_only;no_model_status_change;daily_nav_or_returns_unavailable;eligible_benchmark_unavailable;comparison_does_not_repair_cash_or_order_contract
v5c_bank_power_financial_report_pit_panel,report_complete_validation_not_independent,daily_nav_unavailable,benchmark_coverage_insufficient,validation_not_independent_or_overlapping,companion_reporting_only;no_model_status_change;eligible_benchmark_unavailable;comparison_does_not_repair_cash_or_order_contract
v5c_bank_power_industry_factor_weight_test,report_complete_validation_not_independent,daily_nav_unavailable,benchmark_coverage_insufficient,validation_not_independent_or_overlapping,companion_reporting_only;no_model_status_change;eligible_benchmark_unavailable;comparison_does_not_repair_cash_or_order_contract
v5c_bank_power_single_factor_cross_section_test,report_complete_validation_not_independent,daily_nav_unavailable,benchmark_coverage_insufficient,validation_not_independent_or_overlapping,companion_reporting_only;no_model_status_change;eligible_benchmark_unavailable;comparison_does_not_repair_cash_or_order_contract
v5c_bank_power_v5f_attribution,performance_data_unavailable,daily_nav_unavailable,benchmark_coverage_insufficient,daily_nav_unavailable,companion_reporting_only;no_model_status_change;daily_nav_or_returns_unavailable;eligible_benchmark_unavailable;comparison_does_not_repair_cash_or_order_contract
v5c_bank_special_mention_pre2021_train_test,diagnostic_only_no_nav_claim,daily_nav_unavailable,benchmark_coverage_insufficient,daily_nav_unavailable,companion_reporting_only;no_model_status_change;daily_nav_or_returns_unavailable;eligible_benchmark_unavailable;comparison_does_not_repair_cash_or_order_contract
v5c_closeout,archived_or_superseded,daily_nav_unavailable,benchmark_coverage_insufficient,daily_nav_unavailable,companion_reporting_only;no_model_status_change;daily_nav_or_returns_unavailable;eligible_benchmark_unavailable;comparison_does_not_repair_cash_or_order_contract
v5c_closeout_defense_addendum,archived_or_superseded,daily_nav_unavailable,benchmark_coverage_insufficient,daily_nav_unavailable,companion_reporting_only;no_model_status_change;daily_nav_or_returns_unavailable;eligible_benchmark_unavailable;comparison_does_not_repair_cash_or_order_contract
v5c_continuation_decision,performance_data_unavailable,daily_nav_unavailable,benchmark_coverage_insufficient,daily_nav_unavailable,companion_reporting_only;no_model_status_change;daily_nav_or_returns_unavailable;eligible_benchmark_unavailable;comparison_does_not_repair_cash_or_order_contract
v5c_core_infra_cashflow_field_repair,performance_data_unavailable,daily_nav_unavailable,benchmark_coverage_insufficient,daily_nav_unavailable,companion_reporting_only;no_model_status_change;daily_nav_or_returns_unavailable;eligible_benchmark_unavailable;comparison_does_not_repair_cash_or_order_contract
v5c_cross_sector_pre2021_factor_screen,performance_data_unavailable,daily_nav_unavailable,benchmark_coverage_insufficient,daily_nav_unavailable,companion_reporting_only;no_model_status_change;daily_nav_or_returns_unavailable;eligible_benchmark_unavailable;comparison_does_not_repair_cash_or_order_contract
v5c_cycle_sector_data_gate_queue,diagnostic_only_no_nav_claim,daily_nav_unavailable,benchmark_coverage_insufficient,daily_nav_unavailable,companion_reporting_only;no_model_status_change;daily_nav_or_returns_unavailable;eligible_benchmark_unavailable;comparison_does_not_repair_cash_or_order_contract
v5c_defense_overlay_pm_quant_review,performance_data_unavailable,daily_nav_unavailable,benchmark_coverage_insufficient,daily_nav_unavailable,companion_reporting_only;no_model_status_change;daily_nav_or_returns_unavailable;eligible_benchmark_unavailable;comparison_does_not_repair_cash_or_order_contract
v5c_erc_formal_validation,performance_data_unavailable,daily_nav_unavailable,benchmark_coverage_insufficient,daily_nav_unavailable,companion_reporting_only;no_model_status_change;daily_nav_or_returns_unavailable;eligible_benchmark_unavailable;comparison_does_not_repair_cash_or_order_contract
v5c_erc_forward_paper_tracking,performance_data_unavailable,daily_nav_unavailable,benchmark_coverage_insufficient,daily_nav_unavailable,companion_reporting_only;no_model_status_change;daily_nav_or_returns_unavailable;eligible_benchmark_unavailable;comparison_does_not_repair_cash_or_order_contract
v5c_erc_pm_quant_review,performance_data_unavailable,daily_nav_unavailable,benchmark_coverage_insufficient,daily_nav_unavailable,companion_reporting_only;no_model_status_change;daily_nav_or_returns_unavailable;eligible_benchmark_unavailable;comparison_does_not_repair_cash_or_order_contract
v5c_final_archive,performance_data_unavailable,daily_nav_unavailable,benchmark_coverage_insufficient,daily_nav_unavailable,companion_reporting_only;no_model_status_change;daily_nav_or_returns_unavailable;eligible_benchmark_unavailable;comparison_does_not_repair_cash_or_order_contract
v5c_financial_statement_expectation_layer,performance_data_unavailable,daily_nav_unavailable,benchmark_coverage_insufficient,daily_nav_unavailable,companion_reporting_only;no_model_status_change;daily_nav_or_returns_unavailable;eligible_benchmark_unavailable;comparison_does_not_repair_cash_or_order_contract
v5c_fixed_rule_risk_budget_spec,diagnostic_only_no_nav_claim,daily_nav_unavailable,benchmark_coverage_insufficient,daily_nav_unavailable,companion_reporting_only;no_model_status_change;daily_nav_or_returns_unavailable;eligible_benchmark_unavailable;comparison_does_not_repair_cash_or_order_contract
v5c_forward_financial_statement_tracking,performance_data_unavailable,daily_nav_unavailable,benchmark_coverage_insufficient,daily_nav_unavailable,companion_reporting_only;no_model_status_change;daily_nav_or_returns_unavailable;eligible_benchmark_unavailable;comparison_does_not_repair_cash_or_order_contract
v5c_highway_capex_fcf_small_original_page_review,performance_data_unavailable,daily_nav_unavailable,benchmark_coverage_insufficient,daily_nav_unavailable,companion_reporting_only;no_model_status_change;daily_nav_or_returns_unavailable;eligible_benchmark_unavailable;comparison_does_not_repair_cash_or_order_contract
v5c_highway_ocf_risk_cap_rule_freeze,performance_data_unavailable,daily_nav_unavailable,benchmark_coverage_insufficient,daily_nav_unavailable,companion_reporting_only;no_model_status_change;daily_nav_or_returns_unavailable;eligible_benchmark_unavailable;comparison_does_not_repair_cash_or_order_contract
v5c_highway_ocf_risk_cap_v1_limited_engineering,report_complete_validation_not_independent,daily_nav_unavailable,benchmark_coverage_insufficient,validation_not_independent_or_overlapping,companion_reporting_only;no_model_status_change;eligible_benchmark_unavailable;comparison_does_not_repair_cash_or_order_contract
v5c_industry_knowledge_base_bank_power_p0,performance_data_unavailable,daily_nav_unavailable,benchmark_coverage_insufficient,daily_nav_unavailable,companion_reporting_only;no_model_status_change;daily_nav_or_returns_unavailable;eligible_benchmark_unavailable;comparison_does_not_repair_cash_or_order_contract
v5c_infra_capex_original_statement_extraction,performance_data_unavailable,daily_nav_unavailable,benchmark_coverage_insufficient,daily_nav_unavailable,companion_reporting_only;no_model_status_change;daily_nav_or_returns_unavailable;eligible_benchmark_unavailable;comparison_does_not_repair_cash_or_order_contract
v5c_infra_ocf_quality_fixed_rule_quant_spec,diagnostic_only_no_nav_claim,daily_nav_unavailable,benchmark_coverage_insufficient,daily_nav_unavailable,companion_reporting_only;no_model_status_change;daily_nav_or_returns_unavailable;eligible_benchmark_unavailable;comparison_does_not_repair_cash_or_order_contract
v5c_key_metric_confidence_tilt_overlay,report_complete_validation_not_independent,daily_nav_unavailable,benchmark_coverage_insufficient,validation_not_independent_or_overlapping,companion_reporting_only;no_model_status_change;eligible_benchmark_unavailable;comparison_does_not_repair_cash_or_order_contract
v5c_key_weight_metric_prediction,performance_data_unavailable,daily_nav_unavailable,benchmark_coverage_insufficient,daily_nav_unavailable,companion_reporting_only;no_model_status_change;daily_nav_or_returns_unavailable;eligible_benchmark_unavailable;comparison_does_not_repair_cash_or_order_contract
v5c_low_capital_version_handoff,performance_data_unavailable,daily_nav_unavailable,benchmark_coverage_insufficient,daily_nav_unavailable,companion_reporting_only;no_model_status_change;daily_nav_or_returns_unavailable;eligible_benchmark_unavailable;comparison_does_not_repair_cash_or_order_contract
v5c_overheat_no_new_overweight_limited_engineering,report_complete_validation_not_independent,daily_nav_unavailable,benchmark_coverage_insufficient,validation_not_independent_or_overlapping,companion_reporting_only;no_model_status_change;eligible_benchmark_unavailable;comparison_does_not_repair_cash_or_order_contract
v5c_overheat_overlay_pm_quant_spec,diagnostic_only_no_nav_claim,daily_nav_unavailable,benchmark_coverage_insufficient,daily_nav_unavailable,companion_reporting_only;no_model_status_change;daily_nav_or_returns_unavailable;eligible_benchmark_unavailable;comparison_does_not_repair_cash_or_order_contract
v5c_overlay_engineering_comparison,report_complete_validation_not_independent,daily_nav_unavailable,benchmark_coverage_insufficient,validation_not_independent_or_overlapping,companion_reporting_only;no_model_status_change;eligible_benchmark_unavailable;comparison_does_not_repair_cash_or_order_contract
v5c_overlay_hypothesis_admission,performance_data_unavailable,daily_nav_unavailable,benchmark_coverage_insufficient,daily_nav_unavailable,companion_reporting_only;no_model_status_change;daily_nav_or_returns_unavailable;eligible_benchmark_unavailable;comparison_does_not_repair_cash_or_order_contract
v5c_overlay_quant_spec,diagnostic_only_no_nav_claim,daily_nav_unavailable,benchmark_coverage_insufficient,daily_nav_unavailable,companion_reporting_only;no_model_status_change;daily_nav_or_returns_unavailable;eligible_benchmark_unavailable;comparison_does_not_repair_cash_or_order_contract
v5c_p1_financial_quality_pit_panel,performance_data_unavailable,daily_nav_unavailable,benchmark_coverage_insufficient,daily_nav_unavailable,companion_reporting_only;no_model_status_change;daily_nav_or_returns_unavailable;eligible_benchmark_unavailable;comparison_does_not_repair_cash_or_order_contract
v5c_p2_valuation_and_crowding_state_panel,performance_data_unavailable,daily_nav_unavailable,benchmark_coverage_insufficient,daily_nav_unavailable,companion_reporting_only;no_model_status_change;daily_nav_or_returns_unavailable;eligible_benchmark_unavailable;comparison_does_not_repair_cash_or_order_contract
v5c_p3_state_governance_quant_spec,diagnostic_only_no_nav_claim,daily_nav_unavailable,benchmark_coverage_insufficient,daily_nav_unavailable,companion_reporting_only;no_model_status_change;daily_nav_or_returns_unavailable;eligible_benchmark_unavailable;comparison_does_not_repair_cash_or_order_contract
v5c_p4_state_forward_observation_packet,performance_data_unavailable,daily_nav_unavailable,benchmark_coverage_insufficient,daily_nav_unavailable,companion_reporting_only;no_model_status_change;daily_nav_or_returns_unavailable;eligible_benchmark_unavailable;comparison_does_not_repair_cash_or_order_contract
v5c_power_specialist_combo_deep_dive,report_complete_validation_not_independent,daily_nav_unavailable,benchmark_coverage_insufficient,validation_not_independent_or_overlapping,companion_reporting_only;no_model_status_change;eligible_benchmark_unavailable;comparison_does_not_repair_cash_or_order_contract
v5c_profit_taking_overheat_overlay,report_complete_validation_not_independent,daily_nav_unavailable,benchmark_coverage_insufficient,validation_not_independent_or_overlapping,companion_reporting_only;no_model_status_change;eligible_benchmark_unavailable;comparison_does_not_repair_cash_or_order_contract
v5c_sidecar_observation_enhancement,performance_data_unavailable,daily_nav_unavailable,benchmark_coverage_insufficient,daily_nav_unavailable,companion_reporting_only;no_model_status_change;daily_nav_or_returns_unavailable;eligible_benchmark_unavailable;comparison_does_not_repair_cash_or_order_contract
v5c_sleeve_level_risk_attribution,report_complete_validation_not_independent,daily_nav_unavailable,benchmark_coverage_insufficient,validation_not_independent_or_overlapping,companion_reporting_only;no_model_status_change;eligible_benchmark_unavailable;comparison_does_not_repair_cash_or_order_contract
v5d_baostock_5min_data_gate,execution_only_no_strategy_nav,daily_nav_unavailable,benchmark_coverage_insufficient,daily_nav_unavailable,companion_reporting_only;no_model_status_change;daily_nav_or_returns_unavailable;eligible_benchmark_unavailable;comparison_does_not_repair_cash_or_order_contract
v5d_closeout,archived_or_superseded,daily_nav_unavailable,benchmark_coverage_insufficient,daily_nav_unavailable,companion_reporting_only;no_model_status_change;daily_nav_or_returns_unavailable;eligible_benchmark_unavailable;comparison_does_not_repair_cash_or_order_contract
v5d_free_minute_source_audit,diagnostic_only_no_nav_claim,daily_nav_unavailable,benchmark_coverage_insufficient,daily_nav_unavailable,companion_reporting_only;no_model_status_change;daily_nav_or_returns_unavailable;eligible_benchmark_unavailable;comparison_does_not_repair_cash_or_order_contract
v5d_l2_conservative_slippage_spec,diagnostic_only_no_nav_claim,daily_nav_unavailable,benchmark_coverage_insufficient,daily_nav_unavailable,companion_reporting_only;no_model_status_change;daily_nav_or_returns_unavailable;eligible_benchmark_unavailable;comparison_does_not_repair_cash_or_order_contract
v5d_l2_execution_cost_broker_paper_review,execution_only_no_strategy_nav,daily_nav_unavailable,benchmark_coverage_insufficient,daily_nav_unavailable,companion_reporting_only;no_model_status_change;daily_nav_or_returns_unavailable;eligible_benchmark_unavailable;comparison_does_not_repair_cash_or_order_contract
v5d_l2_liquidity_instant_fill_review,performance_data_unavailable,daily_nav_unavailable,benchmark_coverage_insufficient,daily_nav_unavailable,companion_reporting_only;no_model_status_change;daily_nav_or_returns_unavailable;eligible_benchmark_unavailable;comparison_does_not_repair_cash_or_order_contract
v5d_l2_order_scheduling_pm_quant_review,execution_only_no_strategy_nav,daily_nav_unavailable,benchmark_coverage_insufficient,daily_nav_unavailable,companion_reporting_only;no_model_status_change;daily_nav_or_returns_unavailable;eligible_benchmark_unavailable;comparison_does_not_repair_cash_or_order_contract
v5d_l3_1_unfilled_remediation,performance_data_unavailable,daily_nav_unavailable,benchmark_coverage_insufficient,daily_nav_unavailable,companion_reporting_only;no_model_status_change;daily_nav_or_returns_unavailable;eligible_benchmark_unavailable;comparison_does_not_repair_cash_or_order_contract
v5d_l3_intraday_execution_policy_spec,execution_only_no_strategy_nav,daily_nav_unavailable,benchmark_coverage_insufficient,daily_nav_unavailable,companion_reporting_only;no_model_status_change;daily_nav_or_returns_unavailable;eligible_benchmark_unavailable;comparison_does_not_repair_cash_or_order_contract
v5d_l3_pm_quant_review,performance_data_unavailable,daily_nav_unavailable,benchmark_coverage_insufficient,daily_nav_unavailable,companion_reporting_only;no_model_status_change;daily_nav_or_returns_unavailable;eligible_benchmark_unavailable;comparison_does_not_repair_cash_or_order_contract
v5d_minute_execution_audit,execution_only_no_strategy_nav,daily_nav_unavailable,benchmark_coverage_insufficient,daily_nav_unavailable,companion_reporting_only;no_model_status_change;daily_nav_or_returns_unavailable;eligible_benchmark_unavailable;comparison_does_not_repair_cash_or_order_contract
v5d_order_scheduling_policy_spec,execution_only_no_strategy_nav,daily_nav_unavailable,benchmark_coverage_insufficient,daily_nav_unavailable,companion_reporting_only;no_model_status_change;daily_nav_or_returns_unavailable;eligible_benchmark_unavailable;comparison_does_not_repair_cash_or_order_contract
v5d_yixin_api_capability_probe,performance_data_unavailable,daily_nav_unavailable,benchmark_coverage_insufficient,daily_nav_unavailable,companion_reporting_only;no_model_status_change;daily_nav_or_returns_unavailable;eligible_benchmark_unavailable;comparison_does_not_repair_cash_or_order_contract
v5e_511360_cash_proxy_forward_stress_packet,performance_data_unavailable,daily_nav_unavailable,benchmark_coverage_insufficient,daily_nav_unavailable,companion_reporting_only;no_model_status_change;daily_nav_or_returns_unavailable;eligible_benchmark_unavailable;comparison_does_not_repair_cash_or_order_contract
v5e_511360_cash_proxy_limited_engineering,report_complete_validation_not_independent,daily_nav_unavailable,benchmark_coverage_insufficient,validation_not_independent_or_overlapping,companion_reporting_only;no_model_status_change;eligible_benchmark_unavailable;comparison_does_not_repair_cash_or_order_contract
v5e_511360_cash_proxy_limited_engineering_spec,diagnostic_only_no_nav_claim,daily_nav_unavailable,benchmark_coverage_insufficient,daily_nav_unavailable,companion_reporting_only;no_model_status_change;daily_nav_or_returns_unavailable;eligible_benchmark_unavailable;comparison_does_not_repair_cash_or_order_contract
v5e_511360_cash_proxy_pm_quant_review,performance_data_unavailable,daily_nav_unavailable,benchmark_coverage_insufficient,daily_nav_unavailable,companion_reporting_only;no_model_status_change;daily_nav_or_returns_unavailable;eligible_benchmark_unavailable;comparison_does_not_repair_cash_or_order_contract
v5e_511360_forward_paper_tracking,performance_data_unavailable,daily_nav_unavailable,benchmark_coverage_insufficient,daily_nav_unavailable,companion_reporting_only;no_model_status_change;daily_nav_or_returns_unavailable;eligible_benchmark_unavailable;comparison_does_not_repair_cash_or_order_contract
v5e_511360_pit_data_audit,diagnostic_only_no_nav_claim,daily_nav_unavailable,benchmark_coverage_insufficient,daily_nav_unavailable,companion_reporting_only;no_model_status_change;daily_nav_or_returns_unavailable;eligible_benchmark_unavailable;comparison_does_not_repair_cash_or_order_contract
v5e_capital_sensitivity_test,report_complete_validation_not_independent,daily_nav_unavailable,benchmark_coverage_insufficient,validation_not_independent_or_overlapping,companion_reporting_only;no_model_status_change;eligible_benchmark_unavailable;comparison_does_not_repair_cash_or_order_contract
v5e_cash_drag_robustness_packet,performance_data_unavailable,daily_nav_unavailable,benchmark_coverage_insufficient,daily_nav_unavailable,companion_reporting_only;no_model_status_change;daily_nav_or_returns_unavailable;eligible_benchmark_unavailable;comparison_does_not_repair_cash_or_order_contract
v5e_cash_policy_review,performance_data_unavailable,daily_nav_unavailable,benchmark_coverage_insufficient,daily_nav_unavailable,companion_reporting_only;no_model_status_change;daily_nav_or_returns_unavailable;eligible_benchmark_unavailable;comparison_does_not_repair_cash_or_order_contract
v5e_cash_proxy_asset_data_gate,diagnostic_only_no_nav_claim,daily_nav_unavailable,benchmark_coverage_insufficient,daily_nav_unavailable,companion_reporting_only;no_model_status_change;daily_nav_or_returns_unavailable;eligible_benchmark_unavailable;comparison_does_not_repair_cash_or_order_contract
v5e_daily_momentum_diagnostic_addendum,report_complete_validation_not_independent,daily_nav_unavailable,benchmark_coverage_insufficient,validation_not_independent_or_overlapping,companion_reporting_only;no_model_status_change;eligible_benchmark_unavailable;comparison_does_not_repair_cash_or_order_contract
v5e_formal_validation_forward_packet,performance_data_unavailable,daily_nav_unavailable,benchmark_coverage_insufficient,daily_nav_unavailable,companion_reporting_only;no_model_status_change;daily_nav_or_returns_unavailable;eligible_benchmark_unavailable;comparison_does_not_repair_cash_or_order_contract
v5e_forward_paper_continuation_v5f_prep,performance_data_unavailable,daily_nav_unavailable,benchmark_coverage_insufficient,daily_nav_unavailable,companion_reporting_only;no_model_status_change;daily_nav_or_returns_unavailable;eligible_benchmark_unavailable;comparison_does_not_repair_cash_or_order_contract
v5e_forward_paper_daily_packet,performance_data_unavailable,daily_nav_unavailable,benchmark_coverage_insufficient,daily_nav_unavailable,companion_reporting_only;no_model_status_change;daily_nav_or_returns_unavailable;eligible_benchmark_unavailable;comparison_does_not_repair_cash_or_order_contract
v5e_full_holding_5min_data_gate,execution_only_no_strategy_nav,daily_nav_unavailable,benchmark_coverage_insufficient,daily_nav_unavailable,companion_reporting_only;no_model_status_change;daily_nav_or_returns_unavailable;eligible_benchmark_unavailable;comparison_does_not_repair_cash_or_order_contract
v5e_full_holding_5min_momentum_research,execution_only_no_strategy_nav,daily_nav_unavailable,benchmark_coverage_insufficient,daily_nav_unavailable,companion_reporting_only;no_model_status_change;daily_nav_or_returns_unavailable;eligible_benchmark_unavailable;comparison_does_not_repair_cash_or_order_contract
v5e_full_holding_rolling_intraday_research,diagnostic_only_no_nav_claim,daily_nav_unavailable,benchmark_coverage_insufficient,daily_nav_unavailable,companion_reporting_only;no_model_status_change;daily_nav_or_returns_unavailable;eligible_benchmark_unavailable;comparison_does_not_repair_cash_or_order_contract
v5e_full_intraday_nav_engineering_test,report_complete_validation_not_independent,daily_nav_unavailable,benchmark_coverage_insufficient,validation_not_independent_or_overlapping,companion_reporting_only;no_model_status_change;eligible_benchmark_unavailable;comparison_does_not_repair_cash_or_order_contract
v5e_historical_closeout_governance_packet,archived_or_superseded,daily_nav_unavailable,benchmark_coverage_insufficient,daily_nav_unavailable,companion_reporting_only;no_model_status_change;daily_nav_or_returns_unavailable;eligible_benchmark_unavailable;comparison_does_not_repair_cash_or_order_contract
v5e_holding_period_exit_pm_review,performance_data_unavailable,daily_nav_unavailable,benchmark_coverage_insufficient,daily_nav_unavailable,companion_reporting_only;no_model_status_change;daily_nav_or_returns_unavailable;eligible_benchmark_unavailable;comparison_does_not_repair_cash_or_order_contract
v5e_limited_engineering_loop,report_complete_validation_not_independent,daily_nav_unavailable,benchmark_coverage_insufficient,validation_not_independent_or_overlapping,companion_reporting_only;no_model_status_change;eligible_benchmark_unavailable;comparison_does_not_repair_cash_or_order_contract
v5e_long_horizon_momentum_diagnostic,diagnostic_only_no_nav_claim,daily_nav_unavailable,benchmark_coverage_insufficient,daily_nav_unavailable,companion_reporting_only;no_model_status_change;daily_nav_or_returns_unavailable;eligible_benchmark_unavailable;comparison_does_not_repair_cash_or_order_contract
v5e_momentum_addenda_closeout_packet,archived_or_superseded,daily_nav_unavailable,benchmark_coverage_insufficient,daily_nav_unavailable,companion_reporting_only;no_model_status_change;daily_nav_or_returns_unavailable;eligible_benchmark_unavailable;comparison_does_not_repair_cash_or_order_contract
v5e_pm_quant_formal_review,performance_data_unavailable,daily_nav_unavailable,benchmark_coverage_insufficient,daily_nav_unavailable,companion_reporting_only;no_model_status_change;daily_nav_or_returns_unavailable;eligible_benchmark_unavailable;comparison_does_not_repair_cash_or_order_contract
v5e_post_exit_5min_monitoring_audit_packet,execution_only_no_strategy_nav,daily_nav_unavailable,benchmark_coverage_insufficient,daily_nav_unavailable,companion_reporting_only;no_model_status_change;daily_nav_or_returns_unavailable;eligible_benchmark_unavailable;comparison_does_not_repair_cash_or_order_contract
v5e_post_exit_5min_monitoring_data_gate,execution_only_no_strategy_nav,daily_nav_unavailable,benchmark_coverage_insufficient,daily_nav_unavailable,companion_reporting_only;no_model_status_change;daily_nav_or_returns_unavailable;eligible_benchmark_unavailable;comparison_does_not_repair_cash_or_order_contract
v5e_profit_lock_execution_robust_formal_review,execution_only_no_strategy_nav,daily_nav_unavailable,benchmark_coverage_insufficient,daily_nav_unavailable,companion_reporting_only;no_model_status_change;daily_nav_or_returns_unavailable;eligible_benchmark_unavailable;comparison_does_not_repair_cash_or_order_contract
v5e_profit_lock_main_forward_paper_execution_tracking,execution_only_no_strategy_nav,daily_nav_unavailable,benchmark_coverage_insufficient,daily_nav_unavailable,companion_reporting_only;no_model_status_change;daily_nav_or_returns_unavailable;eligible_benchmark_unavailable;comparison_does_not_repair_cash_or_order_contract
v5e_profit_lock_model_comparison,performance_data_unavailable,daily_nav_unavailable,benchmark_coverage_insufficient,daily_nav_unavailable,companion_reporting_only;no_model_status_change;daily_nav_or_returns_unavailable;eligible_benchmark_unavailable;comparison_does_not_repair_cash_or_order_contract
v5e_quant_spec_single_name_exit,diagnostic_only_no_nav_claim,daily_nav_unavailable,benchmark_coverage_insufficient,daily_nav_unavailable,companion_reporting_only;no_model_status_change;daily_nav_or_returns_unavailable;eligible_benchmark_unavailable;comparison_does_not_repair_cash_or_order_contract
v5e_reasonable_momentum_range_test,performance_data_unavailable,daily_nav_unavailable,benchmark_coverage_insufficient,daily_nav_unavailable,companion_reporting_only;no_model_status_change;daily_nav_or_returns_unavailable;eligible_benchmark_unavailable;comparison_does_not_repair_cash_or_order_contract
v5e_short_financing_etf_cash_proxy_selection_gate,diagnostic_only_no_nav_claim,daily_nav_unavailable,benchmark_coverage_insufficient,daily_nav_unavailable,companion_reporting_only;no_model_status_change;daily_nav_or_returns_unavailable;eligible_benchmark_unavailable;comparison_does_not_repair_cash_or_order_contract
v5e_sleeve_cash_bucket_engineering,performance_data_unavailable,daily_nav_unavailable,benchmark_coverage_insufficient,daily_nav_unavailable,companion_reporting_only;no_model_status_change;daily_nav_or_returns_unavailable;eligible_benchmark_unavailable;comparison_does_not_repair_cash_or_order_contract
v5e_sleeve_cash_policy_quant_spec,diagnostic_only_no_nav_claim,daily_nav_unavailable,benchmark_coverage_insufficient,daily_nav_unavailable,companion_reporting_only;no_model_status_change;daily_nav_or_returns_unavailable;eligible_benchmark_unavailable;comparison_does_not_repair_cash_or_order_contract
v5e_sleeve_level_risk_release_limited_engineering,report_complete_validation_not_independent,daily_nav_unavailable,benchmark_coverage_insufficient,validation_not_independent_or_overlapping,companion_reporting_only;no_model_status_change;eligible_benchmark_unavailable;comparison_does_not_repair_cash_or_order_contract
v5e_sleeve_level_risk_release_pm_spec,diagnostic_only_no_nav_claim,daily_nav_unavailable,benchmark_coverage_insufficient,daily_nav_unavailable,companion_reporting_only;no_model_status_change;daily_nav_or_returns_unavailable;eligible_benchmark_unavailable;comparison_does_not_repair_cash_or_order_contract
v5e_sleeve_level_risk_release_quant_spec,diagnostic_only_no_nav_claim,daily_nav_unavailable,benchmark_coverage_insufficient,daily_nav_unavailable,companion_reporting_only;no_model_status_change;daily_nav_or_returns_unavailable;eligible_benchmark_unavailable;comparison_does_not_repair_cash_or_order_contract
v5e_trigger_day_5min_execution_data_gate,execution_only_no_strategy_nav,daily_nav_unavailable,benchmark_coverage_insufficient,daily_nav_unavailable,companion_reporting_only;no_model_status_change;daily_nav_or_returns_unavailable;eligible_benchmark_unavailable;comparison_does_not_repair_cash_or_order_contract
v5e_trigger_day_5min_execution_proxy_test,execution_only_no_strategy_nav,daily_nav_unavailable,benchmark_coverage_insufficient,daily_nav_unavailable,companion_reporting_only;no_model_status_change;daily_nav_or_returns_unavailable;eligible_benchmark_unavailable;comparison_does_not_repair_cash_or_order_contract
v5f_1min_forward_observation_append,execution_only_no_strategy_nav,daily_nav_unavailable,benchmark_coverage_insufficient,daily_nav_unavailable,companion_reporting_only;no_model_status_change;daily_nav_or_returns_unavailable;eligible_benchmark_unavailable;comparison_does_not_repair_cash_or_order_contract
v5f_1min_intraday_relative_zone_timing_test,execution_only_no_strategy_nav,daily_nav_unavailable,benchmark_coverage_insufficient,daily_nav_unavailable,companion_reporting_only;no_model_status_change;daily_nav_or_returns_unavailable;eligible_benchmark_unavailable;comparison_does_not_repair_cash_or_order_contract
v5f_1min_microstructure_signal_quality_gate,execution_only_no_strategy_nav,daily_nav_unavailable,benchmark_coverage_insufficient,daily_nav_unavailable,companion_reporting_only;no_model_status_change;daily_nav_or_returns_unavailable;eligible_benchmark_unavailable;comparison_does_not_repair_cash_or_order_contract
v5f_1min_queue_123_execution,execution_only_no_strategy_nav,daily_nav_unavailable,benchmark_coverage_insufficient,daily_nav_unavailable,companion_reporting_only;no_model_status_change;daily_nav_or_returns_unavailable;eligible_benchmark_unavailable;comparison_does_not_repair_cash_or_order_contract
v5f_1min_vwap_execution_precision_audit,execution_only_no_strategy_nav,daily_nav_unavailable,benchmark_coverage_insufficient,daily_nav_unavailable,companion_reporting_only;no_model_status_change;daily_nav_or_returns_unavailable;eligible_benchmark_unavailable;comparison_does_not_repair_cash_or_order_contract
v5f_adaptive_momentum_governance,report_complete_validation_not_independent,daily_nav_unavailable,benchmark_coverage_insufficient,validation_not_independent_or_overlapping,companion_reporting_only;no_model_status_change;eligible_benchmark_unavailable;comparison_does_not_repair_cash_or_order_contract
v5f_backtest_scope_governance_correction,performance_data_unavailable,daily_nav_unavailable,benchmark_coverage_insufficient,daily_nav_unavailable,companion_reporting_only;no_model_status_change;daily_nav_or_returns_unavailable;eligible_benchmark_unavailable;comparison_does_not_repair_cash_or_order_contract
v5f_clean_forward_target_population,performance_data_unavailable,daily_nav_unavailable,benchmark_coverage_insufficient,daily_nav_unavailable,companion_reporting_only;no_model_status_change;daily_nav_or_returns_unavailable;eligible_benchmark_unavailable;comparison_does_not_repair_cash_or_order_contract
v5f_deployment_governance_paper_workflow,performance_data_unavailable,daily_nav_unavailable,benchmark_coverage_insufficient,daily_nav_unavailable,companion_reporting_only;no_model_status_change;daily_nav_or_returns_unavailable;eligible_benchmark_unavailable;comparison_does_not_repair_cash_or_order_contract
v5f_event_triggered_mean_reversion_borrowing_test,report_complete_validation_not_independent,daily_nav_unavailable,benchmark_coverage_insufficient,validation_not_independent_or_overlapping,companion_reporting_only;no_model_status_change;eligible_benchmark_unavailable;comparison_does_not_repair_cash_or_order_contract
v5f_extreme_value_reversion,report_complete_validation_not_independent,daily_nav_unavailable,benchmark_coverage_insufficient,validation_not_independent_or_overlapping,companion_reporting_only;no_model_status_change;eligible_benchmark_unavailable;comparison_does_not_repair_cash_or_order_contract
v5f_forward_continuation_v5g01_closeout,archived_or_superseded,daily_nav_unavailable,benchmark_coverage_insufficient,daily_nav_unavailable,companion_reporting_only;no_model_status_change;daily_nav_or_returns_unavailable;eligible_benchmark_unavailable;comparison_does_not_repair_cash_or_order_contract
v5f_forward_paper_tracking_with_v5c_state_tags,performance_data_unavailable,daily_nav_unavailable,benchmark_coverage_insufficient,daily_nav_unavailable,companion_reporting_only;no_model_status_change;daily_nav_or_returns_unavailable;eligible_benchmark_unavailable;comparison_does_not_repair_cash_or_order_contract
v5f_forward_paper_v5c_state_tags,performance_data_unavailable,daily_nav_unavailable,benchmark_coverage_insufficient,daily_nav_unavailable,companion_reporting_only;no_model_status_change;daily_nav_or_returns_unavailable;eligible_benchmark_unavailable;comparison_does_not_repair_cash_or_order_contract
v5f_improvement_queue_execution,execution_only_no_strategy_nav,daily_nav_unavailable,benchmark_coverage_insufficient,daily_nav_unavailable,companion_reporting_only;no_model_status_change;daily_nav_or_returns_unavailable;eligible_benchmark_unavailable;comparison_does_not_repair_cash_or_order_contract
v5f_internal_subsleeve_candidate_replacement_packet,performance_data_unavailable,daily_nav_unavailable,benchmark_coverage_insufficient,daily_nav_unavailable,companion_reporting_only;no_model_status_change;daily_nav_or_returns_unavailable;eligible_benchmark_unavailable;comparison_does_not_repair_cash_or_order_contract
v5f_internal_subsleeve_deep_engineering,performance_data_unavailable,daily_nav_unavailable,benchmark_coverage_insufficient,daily_nav_unavailable,companion_reporting_only;no_model_status_change;daily_nav_or_returns_unavailable;eligible_benchmark_unavailable;comparison_does_not_repair_cash_or_order_contract
v5f_internal_subsleeve_deep_research_spec,diagnostic_only_no_nav_claim,daily_nav_unavailable,benchmark_coverage_insufficient,daily_nav_unavailable,companion_reporting_only;no_model_status_change;daily_nav_or_returns_unavailable;eligible_benchmark_unavailable;comparison_does_not_repair_cash_or_order_contract
v5f_internal_subsleeve_deployment_governance,performance_data_unavailable,daily_nav_unavailable,benchmark_coverage_insufficient,daily_nav_unavailable,companion_reporting_only;no_model_status_change;daily_nav_or_returns_unavailable;eligible_benchmark_unavailable;comparison_does_not_repair_cash_or_order_contract
v5f_internal_subsleeve_forward_paper_tracking,performance_data_unavailable,daily_nav_unavailable,benchmark_coverage_insufficient,daily_nav_unavailable,companion_reporting_only;no_model_status_change;daily_nav_or_returns_unavailable;eligible_benchmark_unavailable;comparison_does_not_repair_cash_or_order_contract
v5f_internal_subsleeve_pm_quant_review,performance_data_unavailable,daily_nav_unavailable,benchmark_coverage_insufficient,daily_nav_unavailable,companion_reporting_only;no_model_status_change;daily_nav_or_returns_unavailable;eligible_benchmark_unavailable;comparison_does_not_repair_cash_or_order_contract
v5f_internal_subsleeve_queue_123_execution,execution_only_no_strategy_nav,daily_nav_unavailable,benchmark_coverage_insufficient,daily_nav_unavailable,companion_reporting_only;no_model_status_change;daily_nav_or_returns_unavailable;eligible_benchmark_unavailable;comparison_does_not_repair_cash_or_order_contract
v5f_internal_subsleeve_robustness_packet,performance_data_unavailable,daily_nav_unavailable,benchmark_coverage_insufficient,daily_nav_unavailable,companion_reporting_only;no_model_status_change;daily_nav_or_returns_unavailable;eligible_benchmark_unavailable;comparison_does_not_repair_cash_or_order_contract
v5f_joinquant_export_checklist,performance_data_unavailable,daily_nav_unavailable,benchmark_coverage_insufficient,daily_nav_unavailable,companion_reporting_only;no_model_status_change;daily_nav_or_returns_unavailable;eligible_benchmark_unavailable;comparison_does_not_repair_cash_or_order_contract
v5f_joinquant_now_execution,execution_only_no_strategy_nav,daily_nav_unavailable,benchmark_coverage_insufficient,daily_nav_unavailable,companion_reporting_only;no_model_status_change;daily_nav_or_returns_unavailable;eligible_benchmark_unavailable;comparison_does_not_repair_cash_or_order_contract
v5f_joinquant_platform_attribution,performance_data_unavailable,daily_nav_unavailable,benchmark_coverage_insufficient,daily_nav_unavailable,companion_reporting_only;no_model_status_change;daily_nav_or_returns_unavailable;eligible_benchmark_unavailable;comparison_does_not_repair_cash_or_order_contract
v5f_joinquant_platform_forward_handoff,performance_data_unavailable,daily_nav_unavailable,benchmark_coverage_insufficient,daily_nav_unavailable,companion_reporting_only;no_model_status_change;daily_nav_or_returns_unavailable;eligible_benchmark_unavailable;comparison_does_not_repair_cash_or_order_contract
v5f_local_1min_data_package_audit,execution_only_no_strategy_nav,daily_nav_unavailable,benchmark_coverage_insufficient,daily_nav_unavailable,companion_reporting_only;no_model_status_change;daily_nav_or_returns_unavailable;eligible_benchmark_unavailable;comparison_does_not_repair_cash_or_order_contract
v5f_locked_pool_conditional_momentum,report_complete_validation_not_independent,daily_nav_unavailable,benchmark_coverage_insufficient,validation_not_independent_or_overlapping,companion_reporting_only;no_model_status_change;eligible_benchmark_unavailable;comparison_does_not_repair_cash_or_order_contract
v5f_locked_pool_daily_momentum_governance,report_complete_validation_not_independent,daily_nav_unavailable,benchmark_coverage_insufficient,validation_not_independent_or_overlapping,companion_reporting_only;no_model_status_change;eligible_benchmark_unavailable;comparison_does_not_repair_cash_or_order_contract
v5f_mean_reversion_diagnostic,report_complete_validation_not_independent,daily_nav_unavailable,benchmark_coverage_insufficient,validation_not_independent_or_overlapping,companion_reporting_only;no_model_status_change;eligible_benchmark_unavailable;comparison_does_not_repair_cash_or_order_contract
v5f_model_comparison_progress,performance_data_unavailable,daily_nav_unavailable,benchmark_coverage_insufficient,daily_nav_unavailable,companion_reporting_only;no_model_status_change;daily_nav_or_returns_unavailable;eligible_benchmark_unavailable;comparison_does_not_repair_cash_or_order_contract
v5f_momentum_weight_tilt_backtest_scope,performance_data_unavailable,daily_nav_unavailable,benchmark_coverage_insufficient,daily_nav_unavailable,companion_reporting_only;no_model_status_change;daily_nav_or_returns_unavailable;eligible_benchmark_unavailable;comparison_does_not_repair_cash_or_order_contract
v5f_momentum_weight_tilt_forward_paper_tracking,performance_data_unavailable,daily_nav_unavailable,benchmark_coverage_insufficient,daily_nav_unavailable,companion_reporting_only;no_model_status_change;daily_nav_or_returns_unavailable;eligible_benchmark_unavailable;comparison_does_not_repair_cash_or_order_contract
v5f_momentum_weight_tilt_limited_engineering,report_complete_validation_not_independent,daily_nav_unavailable,benchmark_coverage_insufficient,validation_not_independent_or_overlapping,companion_reporting_only;no_model_status_change;eligible_benchmark_unavailable;comparison_does_not_repair_cash_or_order_contract
v5f_momentum_weight_tilt_pm_quant_review,performance_data_unavailable,daily_nav_unavailable,benchmark_coverage_insufficient,daily_nav_unavailable,companion_reporting_only;no_model_status_change;daily_nav_or_returns_unavailable;eligible_benchmark_unavailable;comparison_does_not_repair_cash_or_order_contract
v5f_momentum_weight_tilt_quant_spec,diagnostic_only_no_nav_claim,daily_nav_unavailable,benchmark_coverage_insufficient,daily_nav_unavailable,companion_reporting_only;no_model_status_change;daily_nav_or_returns_unavailable;eligible_benchmark_unavailable;comparison_does_not_repair_cash_or_order_contract
v5f_needed_model_full_comparison,performance_data_unavailable,daily_nav_unavailable,benchmark_coverage_insufficient,daily_nav_unavailable,companion_reporting_only;no_model_status_change;daily_nav_or_returns_unavailable;eligible_benchmark_unavailable;comparison_does_not_repair_cash_or_order_contract
v5f_overlay_deployment_governance_review,performance_data_unavailable,daily_nav_unavailable,benchmark_coverage_insufficient,daily_nav_unavailable,companion_reporting_only;no_model_status_change;daily_nav_or_returns_unavailable;eligible_benchmark_unavailable;comparison_does_not_repair_cash_or_order_contract
v5f_paper_workflow_artifacts,performance_data_unavailable,daily_nav_unavailable,benchmark_coverage_insufficient,daily_nav_unavailable,companion_reporting_only;no_model_status_change;daily_nav_or_returns_unavailable;eligible_benchmark_unavailable;comparison_does_not_repair_cash_or_order_contract
v5f_physics_curve_diagnostic_spec,diagnostic_only_no_nav_claim,daily_nav_unavailable,benchmark_coverage_insufficient,daily_nav_unavailable,companion_reporting_only;no_model_status_change;daily_nav_or_returns_unavailable;eligible_benchmark_unavailable;comparison_does_not_repair_cash_or_order_contract
v5f_physics_curve_full_5min_diagnostic,execution_only_no_strategy_nav,daily_nav_unavailable,benchmark_coverage_insufficient,daily_nav_unavailable,companion_reporting_only;no_model_status_change;daily_nav_or_returns_unavailable;eligible_benchmark_unavailable;comparison_does_not_repair_cash_or_order_contract
v5f_pre2021_5min_blocker_completion,execution_only_no_strategy_nav,daily_nav_unavailable,benchmark_coverage_insufficient,daily_nav_unavailable,companion_reporting_only;no_model_status_change;daily_nav_or_returns_unavailable;eligible_benchmark_unavailable;comparison_does_not_repair_cash_or_order_contract
v5f_pre2021_factor_panel_repair,performance_data_unavailable,daily_nav_unavailable,benchmark_coverage_insufficient,daily_nav_unavailable,companion_reporting_only;no_model_status_change;daily_nav_or_returns_unavailable;eligible_benchmark_unavailable;comparison_does_not_repair_cash_or_order_contract
v5f_pre2021_multisleeve_mainline_validation,report_complete_validation_not_independent,daily_nav_unavailable,benchmark_coverage_insufficient,validation_not_independent_or_overlapping,companion_reporting_only;no_model_status_change;eligible_benchmark_unavailable;comparison_does_not_repair_cash_or_order_contract
v5f_pre2021_repaired_multisleeve_data_gate,diagnostic_only_no_nav_claim,daily_nav_unavailable,benchmark_coverage_insufficient,daily_nav_unavailable,companion_reporting_only;no_model_status_change;daily_nav_or_returns_unavailable;eligible_benchmark_unavailable;comparison_does_not_repair_cash_or_order_contract
v5f_prebacktest_5min_to_backtest,execution_only_no_strategy_nav,daily_nav_unavailable,benchmark_coverage_insufficient,daily_nav_unavailable,companion_reporting_only;no_model_status_change;daily_nav_or_returns_unavailable;eligible_benchmark_unavailable;comparison_does_not_repair_cash_or_order_contract
v5f_prejq_local_closeout,archived_or_superseded,daily_nav_unavailable,benchmark_coverage_insufficient,daily_nav_unavailable,companion_reporting_only;no_model_status_change;daily_nav_or_returns_unavailable;eligible_benchmark_unavailable;comparison_does_not_repair_cash_or_order_contract
v5f_prejq_v5c_v5g_integration,performance_data_unavailable,daily_nav_unavailable,benchmark_coverage_insufficient,daily_nav_unavailable,companion_reporting_only;no_model_status_change;daily_nav_or_returns_unavailable;eligible_benchmark_unavailable;comparison_does_not_repair_cash_or_order_contract
v5f_progress_checkpoint,performance_data_unavailable,daily_nav_unavailable,benchmark_coverage_insufficient,daily_nav_unavailable,companion_reporting_only;no_model_status_change;daily_nav_or_returns_unavailable;eligible_benchmark_unavailable;comparison_does_not_repair_cash_or_order_contract
v5f_quality_value_mean_reversion,report_complete_validation_not_independent,daily_nav_unavailable,benchmark_coverage_insufficient,validation_not_independent_or_overlapping,companion_reporting_only;no_model_status_change;eligible_benchmark_unavailable;comparison_does_not_repair_cash_or_order_contract
v5f_repaired_baseline_overlay_comparison,performance_data_unavailable,daily_nav_unavailable,benchmark_coverage_insufficient,daily_nav_unavailable,companion_reporting_only;no_model_status_change;daily_nav_or_returns_unavailable;eligible_benchmark_unavailable;comparison_does_not_repair_cash_or_order_contract
v5f_repaired_overlay_forward_paper_tracking,performance_data_unavailable,daily_nav_unavailable,benchmark_coverage_insufficient,daily_nav_unavailable,companion_reporting_only;no_model_status_change;daily_nav_or_returns_unavailable;eligible_benchmark_unavailable;comparison_does_not_repair_cash_or_order_contract
v5f_short_window_reversion_diagnostic,diagnostic_only_no_nav_claim,daily_nav_unavailable,benchmark_coverage_insufficient,daily_nav_unavailable,companion_reporting_only;no_model_status_change;daily_nav_or_returns_unavailable;eligible_benchmark_unavailable;comparison_does_not_repair_cash_or_order_contract
v5f_short_window_reversion_nav_engineering,report_complete_validation_not_independent,daily_nav_unavailable,benchmark_coverage_insufficient,validation_not_independent_or_overlapping,companion_reporting_only;no_model_status_change;eligible_benchmark_unavailable;comparison_does_not_repair_cash_or_order_contract
v5f_short_window_reversion_walk_forward_robustness,performance_data_unavailable,daily_nav_unavailable,benchmark_coverage_insufficient,daily_nav_unavailable,companion_reporting_only;no_model_status_change;daily_nav_or_returns_unavailable;eligible_benchmark_unavailable;comparison_does_not_repair_cash_or_order_contract
v5f_short_window_spike_reversion_symmetry,report_complete_validation_not_independent,daily_nav_unavailable,benchmark_coverage_insufficient,validation_not_independent_or_overlapping,companion_reporting_only;no_model_status_change;eligible_benchmark_unavailable;comparison_does_not_repair_cash_or_order_contract
v5f_spike_funded_mr_borrowing_forward_observation,performance_data_unavailable,daily_nav_unavailable,benchmark_coverage_insufficient,daily_nav_unavailable,companion_reporting_only;no_model_status_change;daily_nav_or_returns_unavailable;eligible_benchmark_unavailable;comparison_does_not_repair_cash_or_order_contract
v5f_spike_funded_mr_borrowing_independent_validation_gate,diagnostic_only_no_nav_claim,daily_nav_unavailable,benchmark_coverage_insufficient,daily_nav_unavailable,companion_reporting_only;no_model_status_change;daily_nav_or_returns_unavailable;eligible_benchmark_unavailable;comparison_does_not_repair_cash_or_order_contract
v5f_spike_mr_prebacktest_to_backtest_jq_sim,performance_data_unavailable,daily_nav_unavailable,benchmark_coverage_insufficient,daily_nav_unavailable,companion_reporting_only;no_model_status_change;daily_nav_or_returns_unavailable;eligible_benchmark_unavailable;comparison_does_not_repair_cash_or_order_contract
v5f_spike_mr_signal_quality_filter_spec,diagnostic_only_no_nav_claim,daily_nav_unavailable,benchmark_coverage_insufficient,daily_nav_unavailable,companion_reporting_only;no_model_status_change;daily_nav_or_returns_unavailable;eligible_benchmark_unavailable;comparison_does_not_repair_cash_or_order_contract
v5f_spike_mr_sleeve_threshold_effectiveness_audit,diagnostic_only_no_nav_claim,daily_nav_unavailable,benchmark_coverage_insufficient,daily_nav_unavailable,companion_reporting_only;no_model_status_change;daily_nav_or_returns_unavailable;eligible_benchmark_unavailable;comparison_does_not_repair_cash_or_order_contract
v5f_structural_rough_screen,report_complete_validation_not_independent,daily_nav_unavailable,benchmark_coverage_insufficient,validation_not_independent_or_overlapping,companion_reporting_only;no_model_status_change;eligible_benchmark_unavailable;comparison_does_not_repair_cash_or_order_contract
v5f_v57f_qv_mr_combination,report_complete_validation_not_independent,daily_nav_unavailable,benchmark_coverage_insufficient,validation_not_independent_or_overlapping,companion_reporting_only;no_model_status_change;eligible_benchmark_unavailable;comparison_does_not_repair_cash_or_order_contract
v5f_value_momentum_reversion_balance_test,report_complete_validation_not_independent,daily_nav_unavailable,benchmark_coverage_insufficient,validation_not_independent_or_overlapping,companion_reporting_only;no_model_status_change;eligible_benchmark_unavailable;comparison_does_not_repair_cash_or_order_contract
v5g_01_state_gated_internal_subsleeve_limited_engineering,report_complete_validation_not_independent,daily_nav_unavailable,benchmark_coverage_insufficient,validation_not_independent_or_overlapping,companion_reporting_only;no_model_status_change;eligible_benchmark_unavailable;comparison_does_not_repair_cash_or_order_contract
v5g_01_state_gated_internal_subsleeve_quant_spec,diagnostic_only_no_nav_claim,daily_nav_unavailable,benchmark_coverage_insufficient,daily_nav_unavailable,companion_reporting_only;no_model_status_change;daily_nav_or_returns_unavailable;eligible_benchmark_unavailable;comparison_does_not_repair_cash_or_order_contract
v5g_02_quality_guarded_momentum_factor_validation,performance_data_unavailable,daily_nav_unavailable,benchmark_coverage_insufficient,daily_nav_unavailable,companion_reporting_only;no_model_status_change;daily_nav_or_returns_unavailable;eligible_benchmark_unavailable;comparison_does_not_repair_cash_or_order_contract
v5g_03_erc_state_budget_conflict_review,performance_data_unavailable,daily_nav_unavailable,benchmark_coverage_insufficient,daily_nav_unavailable,companion_reporting_only;no_model_status_change;daily_nav_or_returns_unavailable;eligible_benchmark_unavailable;comparison_does_not_repair_cash_or_order_contract
v5g_04_cash_proxy_policy_data_gate,diagnostic_only_no_nav_claim,daily_nav_unavailable,benchmark_coverage_insufficient,daily_nav_unavailable,companion_reporting_only;no_model_status_change;daily_nav_or_returns_unavailable;eligible_benchmark_unavailable;comparison_does_not_repair_cash_or_order_contract
v5g_04_exit_policy_spec,diagnostic_only_no_nav_claim,daily_nav_unavailable,benchmark_coverage_insufficient,daily_nav_unavailable,companion_reporting_only;no_model_status_change;daily_nav_or_returns_unavailable;eligible_benchmark_unavailable;comparison_does_not_repair_cash_or_order_contract
v5g_05_short_window_reversion_independent_validation_gate,diagnostic_only_no_nav_claim,daily_nav_unavailable,benchmark_coverage_insufficient,daily_nav_unavailable,companion_reporting_only;no_model_status_change;daily_nav_or_returns_unavailable;eligible_benchmark_unavailable;comparison_does_not_repair_cash_or_order_contract
v5g_cross_line_model_research_startup,diagnostic_only_no_nav_claim,daily_nav_unavailable,benchmark_coverage_insufficient,daily_nav_unavailable,companion_reporting_only;no_model_status_change;daily_nav_or_returns_unavailable;eligible_benchmark_unavailable;comparison_does_not_repair_cash_or_order_contract
v5g_next_queue_execution,execution_only_no_strategy_nav,daily_nav_unavailable,benchmark_coverage_insufficient,daily_nav_unavailable,companion_reporting_only;no_model_status_change;daily_nav_or_returns_unavailable;eligible_benchmark_unavailable;comparison_does_not_repair_cash_or_order_contract
v5g_vs_midterm_model_comparison,performance_data_unavailable,daily_nav_unavailable,benchmark_coverage_insufficient,daily_nav_unavailable,companion_reporting_only;no_model_status_change;daily_nav_or_returns_unavailable;eligible_benchmark_unavailable;comparison_does_not_repair_cash_or_order_contract
v5h_1min_research_line_governance,execution_only_no_strategy_nav,daily_nav_unavailable,benchmark_coverage_insufficient,daily_nav_unavailable,companion_reporting_only;no_model_status_change;daily_nav_or_returns_unavailable;eligible_benchmark_unavailable;comparison_does_not_repair_cash_or_order_contract
v5h_1min_volume_amount_timing_test,execution_only_no_strategy_nav,daily_nav_unavailable,benchmark_coverage_insufficient,daily_nav_unavailable,companion_reporting_only;no_model_status_change;daily_nav_or_returns_unavailable;eligible_benchmark_unavailable;comparison_does_not_repair_cash_or_order_contract
v5h_buy_execution_backtest,report_complete_validation_not_independent,daily_nav_unavailable,benchmark_coverage_insufficient,validation_not_independent_or_overlapping,companion_reporting_only;no_model_status_change;eligible_benchmark_unavailable;comparison_does_not_repair_cash_or_order_contract
v5h_buy_execution_queue_123,execution_only_no_strategy_nav,daily_nav_unavailable,benchmark_coverage_insufficient,daily_nav_unavailable,companion_reporting_only;no_model_status_change;daily_nav_or_returns_unavailable;eligible_benchmark_unavailable;comparison_does_not_repair_cash_or_order_contract
v5h_buy_execution_spec_v1,execution_only_no_strategy_nav,daily_nav_unavailable,benchmark_coverage_insufficient,daily_nav_unavailable,companion_reporting_only;no_model_status_change;daily_nav_or_returns_unavailable;eligible_benchmark_unavailable;comparison_does_not_repair_cash_or_order_contract
v5h_buy_execution_spec_v1_forward_observation,execution_only_no_strategy_nav,daily_nav_unavailable,benchmark_coverage_insufficient,daily_nav_unavailable,companion_reporting_only;no_model_status_change;daily_nav_or_returns_unavailable;eligible_benchmark_unavailable;comparison_does_not_repair_cash_or_order_contract
v5h_buy_execution_spec_v1_jq_broker_paper_mapping,execution_only_no_strategy_nav,daily_nav_unavailable,benchmark_coverage_insufficient,daily_nav_unavailable,companion_reporting_only;no_model_status_change;daily_nav_or_returns_unavailable;eligible_benchmark_unavailable;comparison_does_not_repair_cash_or_order_contract
v5h_buy_execution_timing_overlay,execution_only_no_strategy_nav,daily_nav_unavailable,benchmark_coverage_insufficient,daily_nav_unavailable,companion_reporting_only;no_model_status_change;daily_nav_or_returns_unavailable;eligible_benchmark_unavailable;comparison_does_not_repair_cash_or_order_contract
v5h_combined_buy_execution_overlay_v1_observation,execution_only_no_strategy_nav,daily_nav_unavailable,benchmark_coverage_insufficient,daily_nav_unavailable,companion_reporting_only;no_model_status_change;daily_nav_or_returns_unavailable;eligible_benchmark_unavailable;comparison_does_not_repair_cash_or_order_contract
v5h_market_cap_pit_segmentation_gate,report_complete_validation_not_independent,daily_nav_unavailable,benchmark_coverage_insufficient,validation_not_independent_or_overlapping,companion_reporting_only;no_model_status_change;eligible_benchmark_unavailable;comparison_does_not_repair_cash_or_order_contract
v5h_market_cap_pit_source_repair,performance_data_unavailable,daily_nav_unavailable,benchmark_coverage_insufficient,daily_nav_unavailable,companion_reporting_only;no_model_status_change;daily_nav_or_returns_unavailable;eligible_benchmark_unavailable;comparison_does_not_repair_cash_or_order_contract
v5h_pre2021_total_market_cap_source_repair,performance_data_unavailable,daily_nav_unavailable,benchmark_coverage_insufficient,daily_nav_unavailable,companion_reporting_only;no_model_status_change;daily_nav_or_returns_unavailable;eligible_benchmark_unavailable;comparison_does_not_repair_cash_or_order_contract
v5h_quiet_or_active_independent_validation,report_complete_validation_not_independent,daily_nav_unavailable,benchmark_coverage_insufficient,validation_not_independent_or_overlapping,companion_reporting_only;no_model_status_change;eligible_benchmark_unavailable;comparison_does_not_repair_cash_or_order_contract
v5h_segmented_1min_execution_diagnostic,report_complete_validation_not_independent,daily_nav_unavailable,benchmark_coverage_insufficient,validation_not_independent_or_overlapping,companion_reporting_only;no_model_status_change;eligible_benchmark_unavailable;comparison_does_not_repair_cash_or_order_contract
v5h_size_liquidity_interaction_independent_validation,report_complete_validation_not_independent,daily_nav_unavailable,benchmark_coverage_insufficient,validation_not_independent_or_overlapping,companion_reporting_only;no_model_status_change;eligible_benchmark_unavailable;comparison_does_not_repair_cash_or_order_contract
v5i_sell_execution_closeout,archived_or_superseded,daily_nav_unavailable,benchmark_coverage_insufficient,daily_nav_unavailable,companion_reporting_only;no_model_status_change;daily_nav_or_returns_unavailable;eligible_benchmark_unavailable;comparison_does_not_repair_cash_or_order_contract
v5i_sell_execution_evaluation,execution_only_no_strategy_nav,daily_nav_unavailable,benchmark_coverage_insufficient,daily_nav_unavailable,companion_reporting_only;no_model_status_change;daily_nav_or_returns_unavailable;eligible_benchmark_unavailable;comparison_does_not_repair_cash_or_order_contract
v5i_sell_execution_provenance,execution_only_no_strategy_nav,daily_nav_unavailable,benchmark_coverage_insufficient,daily_nav_unavailable,companion_reporting_only;no_model_status_change;daily_nav_or_returns_unavailable;eligible_benchmark_unavailable;comparison_does_not_repair_cash_or_order_contract
v5i_technical_exploration_hour_packet,performance_data_unavailable,daily_nav_unavailable,benchmark_coverage_insufficient,daily_nav_unavailable,companion_reporting_only;no_model_status_change;daily_nav_or_returns_unavailable;eligible_benchmark_unavailable;comparison_does_not_repair_cash_or_order_contract
v5i_technical_sell_execution_quant_spec,execution_only_no_strategy_nav,daily_nav_unavailable,benchmark_coverage_insufficient,daily_nav_unavailable,companion_reporting_only;no_model_status_change;daily_nav_or_returns_unavailable;eligible_benchmark_unavailable;comparison_does_not_repair_cash_or_order_contract
v5j_1min_technical_pattern_diagnostic,execution_only_no_strategy_nav,daily_nav_unavailable,benchmark_coverage_insufficient,daily_nav_unavailable,companion_reporting_only;no_model_status_change;daily_nav_or_returns_unavailable;eligible_benchmark_unavailable;comparison_does_not_repair_cash_or_order_contract
v5j_5day_1min_family_execution_validation,execution_only_no_strategy_nav,daily_nav_unavailable,benchmark_coverage_insufficient,daily_nav_unavailable,companion_reporting_only;no_model_status_change;daily_nav_or_returns_unavailable;eligible_benchmark_unavailable;comparison_does_not_repair_cash_or_order_contract
v5j_5day_1min_sell_formal_backtest,report_complete_validation_not_independent,daily_nav_unavailable,benchmark_coverage_insufficient,validation_not_independent_or_overlapping,companion_reporting_only;no_model_status_change;eligible_benchmark_unavailable;comparison_does_not_repair_cash_or_order_contract
v5j_bank_2011_2012_regulatory_pdf_repair,performance_data_unavailable,daily_nav_unavailable,benchmark_coverage_insufficient,daily_nav_unavailable,companion_reporting_only;no_model_status_change;daily_nav_or_returns_unavailable;eligible_benchmark_unavailable;comparison_does_not_repair_cash_or_order_contract
v5j_cross_period_technical_validation_gate,diagnostic_only_no_nav_claim,daily_nav_unavailable,benchmark_coverage_insufficient,daily_nav_unavailable,companion_reporting_only;no_model_status_change;daily_nav_or_returns_unavailable;eligible_benchmark_unavailable;comparison_does_not_repair_cash_or_order_contract
v5j_family_sell_execution_formal_backtest,report_complete_validation_not_independent,daily_nav_unavailable,benchmark_coverage_insufficient,validation_not_independent_or_overlapping,companion_reporting_only;no_model_status_change;eligible_benchmark_unavailable;comparison_does_not_repair_cash_or_order_contract
v5j_family_specific_sell_timing_diagnostic,diagnostic_only_no_nav_claim,daily_nav_unavailable,benchmark_coverage_insufficient,daily_nav_unavailable,companion_reporting_only;no_model_status_change;daily_nav_or_returns_unavailable;eligible_benchmark_unavailable;comparison_does_not_repair_cash_or_order_contract
v5j_frozen_buy_timing_full_pit_validation,performance_data_unavailable,daily_nav_unavailable,benchmark_coverage_insufficient,daily_nav_unavailable,companion_reporting_only;no_model_status_change;daily_nav_or_returns_unavailable;eligible_benchmark_unavailable;comparison_does_not_repair_cash_or_order_contract
v5j_frozen_sell_timing_full_pit_validation,performance_data_unavailable,daily_nav_unavailable,benchmark_coverage_insufficient,daily_nav_unavailable,companion_reporting_only;no_model_status_change;daily_nav_or_returns_unavailable;eligible_benchmark_unavailable;comparison_does_not_repair_cash_or_order_contract
v5j_frozen_v5f_exact_target_validation,performance_data_unavailable,daily_nav_unavailable,benchmark_coverage_insufficient,daily_nav_unavailable,companion_reporting_only;no_model_status_change;daily_nav_or_returns_unavailable;eligible_benchmark_unavailable;comparison_does_not_repair_cash_or_order_contract
v5j_infra_cashflow_parser_failure_diagnostic,diagnostic_only_no_nav_claim,daily_nav_unavailable,benchmark_coverage_insufficient,daily_nav_unavailable,companion_reporting_only;no_model_status_change;daily_nav_or_returns_unavailable;eligible_benchmark_unavailable;comparison_does_not_repair_cash_or_order_contract
v5j_local_adjust_factor_corporate_action,performance_data_unavailable,daily_nav_unavailable,benchmark_coverage_insufficient,daily_nav_unavailable,companion_reporting_only;no_model_status_change;daily_nav_or_returns_unavailable;eligible_benchmark_unavailable;comparison_does_not_repair_cash_or_order_contract
v5j_material_action_original_notice_extract,performance_data_unavailable,daily_nav_unavailable,benchmark_coverage_insufficient,daily_nav_unavailable,companion_reporting_only;no_model_status_change;daily_nav_or_returns_unavailable;eligible_benchmark_unavailable;comparison_does_not_repair_cash_or_order_contract
v5j_material_action_unclassified_notice_fallback,performance_data_unavailable,daily_nav_unavailable,benchmark_coverage_insufficient,daily_nav_unavailable,companion_reporting_only;no_model_status_change;daily_nav_or_returns_unavailable;eligible_benchmark_unavailable;comparison_does_not_repair_cash_or_order_contract
v5j_material_corporate_action_notice_repair,performance_data_unavailable,daily_nav_unavailable,benchmark_coverage_insufficient,daily_nav_unavailable,companion_reporting_only;no_model_status_change;daily_nav_or_returns_unavailable;eligible_benchmark_unavailable;comparison_does_not_repair_cash_or_order_contract
v5j_missing_1min_source_repair,execution_only_no_strategy_nav,daily_nav_unavailable,benchmark_coverage_insufficient,daily_nav_unavailable,companion_reporting_only;no_model_status_change;daily_nav_or_returns_unavailable;eligible_benchmark_unavailable;comparison_does_not_repair_cash_or_order_contract
v5j_momentum_cash_neutral_engineering,performance_data_unavailable,daily_nav_unavailable,benchmark_coverage_insufficient,daily_nav_unavailable,companion_reporting_only;no_model_status_change;daily_nav_or_returns_unavailable;eligible_benchmark_unavailable;comparison_does_not_repair_cash_or_order_contract
v5j_momentum_daily_price_volume_sell,report_complete_validation_not_independent,daily_nav_unavailable,benchmark_coverage_insufficient,validation_not_independent_or_overlapping,companion_reporting_only;no_model_status_change;eligible_benchmark_unavailable;comparison_does_not_repair_cash_or_order_contract
v5j_momentum_overlay_cash_neutral_execution_spec,execution_only_no_strategy_nav,daily_nav_unavailable,benchmark_coverage_insufficient,daily_nav_unavailable,companion_reporting_only;no_model_status_change;daily_nav_or_returns_unavailable;eligible_benchmark_unavailable;comparison_does_not_repair_cash_or_order_contract
v5j_momentum_overlay_partial_buy_skip,performance_data_unavailable,daily_nav_unavailable,benchmark_coverage_insufficient,daily_nav_unavailable,companion_reporting_only;no_model_status_change;daily_nav_or_returns_unavailable;eligible_benchmark_unavailable;comparison_does_not_repair_cash_or_order_contract
v5j_overlay_only_sell_formal_backtest,report_complete_validation_not_independent,daily_nav_unavailable,benchmark_coverage_insufficient,validation_not_independent_or_overlapping,companion_reporting_only;no_model_status_change;eligible_benchmark_unavailable;comparison_does_not_repair_cash_or_order_contract
v5j_overlay_only_sell_validation,performance_data_unavailable,daily_nav_unavailable,benchmark_coverage_insufficient,daily_nav_unavailable,companion_reporting_only;no_model_status_change;daily_nav_or_returns_unavailable;eligible_benchmark_unavailable;comparison_does_not_repair_cash_or_order_contract
v5j_pit_availability_boundary_closeout,archived_or_superseded,daily_nav_unavailable,benchmark_coverage_insufficient,daily_nav_unavailable,companion_reporting_only;no_model_status_change;daily_nav_or_returns_unavailable;eligible_benchmark_unavailable;comparison_does_not_repair_cash_or_order_contract
v5j_pit_disclosure_trust_audit,diagnostic_only_no_nav_claim,daily_nav_unavailable,benchmark_coverage_insufficient,daily_nav_unavailable,companion_reporting_only;no_model_status_change;daily_nav_or_returns_unavailable;eligible_benchmark_unavailable;comparison_does_not_repair_cash_or_order_contract
v5j_pit_dividend_corporate_action_ledger,performance_data_unavailable,daily_nav_unavailable,benchmark_coverage_insufficient,daily_nav_unavailable,companion_reporting_only;no_model_status_change;daily_nav_or_returns_unavailable;eligible_benchmark_unavailable;comparison_does_not_repair_cash_or_order_contract
v5j_pit_pool_1min_pairing,execution_only_no_strategy_nav,daily_nav_unavailable,benchmark_coverage_insufficient,daily_nav_unavailable,companion_reporting_only;no_model_status_change;daily_nav_or_returns_unavailable;eligible_benchmark_unavailable;comparison_does_not_repair_cash_or_order_contract
v5j_pre2019_pit_rebuild_data_gate,diagnostic_only_no_nav_claim,daily_nav_unavailable,benchmark_coverage_insufficient,daily_nav_unavailable,companion_reporting_only;no_model_status_change;daily_nav_or_returns_unavailable;eligible_benchmark_unavailable;comparison_does_not_repair_cash_or_order_contract
v5j_pre2021_infra_original_cashflow_panel,performance_data_unavailable,daily_nav_unavailable,benchmark_coverage_insufficient,daily_nav_unavailable,companion_reporting_only;no_model_status_change;daily_nav_or_returns_unavailable;eligible_benchmark_unavailable;comparison_does_not_repair_cash_or_order_contract
v5j_pre2021_pit_repair_continuation_queue,performance_data_unavailable,daily_nav_unavailable,benchmark_coverage_insufficient,daily_nav_unavailable,companion_reporting_only;no_model_status_change;daily_nav_or_returns_unavailable;eligible_benchmark_unavailable;comparison_does_not_repair_cash_or_order_contract
v5j_pre2021_target_reconstruction_readiness,performance_data_unavailable,daily_nav_unavailable,benchmark_coverage_insufficient,daily_nav_unavailable,companion_reporting_only;no_model_status_change;daily_nav_or_returns_unavailable;eligible_benchmark_unavailable;comparison_does_not_repair_cash_or_order_contract
v5j_repaired_multisleeve_pit_pool,performance_data_unavailable,daily_nav_unavailable,benchmark_coverage_insufficient,daily_nav_unavailable,companion_reporting_only;no_model_status_change;daily_nav_or_returns_unavailable;eligible_benchmark_unavailable;comparison_does_not_repair_cash_or_order_contract
v5j_statement_visible_date_factor_panel,performance_data_unavailable,daily_nav_unavailable,benchmark_coverage_insufficient,daily_nav_unavailable,companion_reporting_only;no_model_status_change;daily_nav_or_returns_unavailable;eligible_benchmark_unavailable;comparison_does_not_repair_cash_or_order_contract
v5j_technical_existing_model_validation,performance_data_unavailable,daily_nav_unavailable,benchmark_coverage_insufficient,daily_nav_unavailable,companion_reporting_only;no_model_status_change;daily_nav_or_returns_unavailable;eligible_benchmark_unavailable;comparison_does_not_repair_cash_or_order_contract
v5j_v4_bank_indicator_pit_reuse_gate,diagnostic_only_no_nav_claim,daily_nav_unavailable,benchmark_coverage_insufficient,daily_nav_unavailable,companion_reporting_only;no_model_status_change;daily_nav_or_returns_unavailable;eligible_benchmark_unavailable;comparison_does_not_repair_cash_or_order_contract
v5j_v5e_profit_lock_sell_timing_proxy,performance_data_unavailable,daily_nav_unavailable,benchmark_coverage_insufficient,daily_nav_unavailable,companion_reporting_only;no_model_status_change;daily_nav_or_returns_unavailable;eligible_benchmark_unavailable;comparison_does_not_repair_cash_or_order_contract
v5k_active_model_registry,performance_data_unavailable,daily_nav_unavailable,benchmark_coverage_insufficient,daily_nav_unavailable,companion_reporting_only;no_model_status_change;daily_nav_or_returns_unavailable;eligible_benchmark_unavailable;comparison_does_not_repair_cash_or_order_contract
v5k_experiment_catalog,performance_data_unavailable,daily_nav_unavailable,benchmark_coverage_insufficient,daily_nav_unavailable,companion_reporting_only;no_model_status_change;daily_nav_or_returns_unavailable;eligible_benchmark_unavailable;comparison_does_not_repair_cash_or_order_contract
v5k_historical_platform_contract_archive,performance_data_unavailable,daily_nav_unavailable,benchmark_coverage_insufficient,daily_nav_unavailable,companion_reporting_only;no_model_status_change;daily_nav_or_returns_unavailable;eligible_benchmark_unavailable;comparison_does_not_repair_cash_or_order_contract
v5k_reproducibility_provenance,performance_data_unavailable,daily_nav_unavailable,benchmark_coverage_insufficient,daily_nav_unavailable,companion_reporting_only;no_model_status_change;daily_nav_or_returns_unavailable;eligible_benchmark_unavailable;comparison_does_not_repair_cash_or_order_contract
v5k_strategy_development_workflow_audit,diagnostic_only_no_nav_claim,daily_nav_unavailable,benchmark_coverage_insufficient,daily_nav_unavailable,companion_reporting_only;no_model_status_change;daily_nav_or_returns_unavailable;eligible_benchmark_unavailable;comparison_does_not_repair_cash_or_order_contract
v5k_workflow_activation_repair,performance_data_unavailable,daily_nav_unavailable,benchmark_coverage_insufficient,daily_nav_unavailable,companion_reporting_only;no_model_status_change;daily_nav_or_returns_unavailable;eligible_benchmark_unavailable;comparison_does_not_repair_cash_or_order_contract
v5k_workflow_repair_closeout,archived_or_superseded,daily_nav_unavailable,benchmark_coverage_insufficient,daily_nav_unavailable,companion_reporting_only;no_model_status_change;daily_nav_or_returns_unavailable;eligible_benchmark_unavailable;comparison_does_not_repair_cash_or_order_contract
v5l_candidate_hardening_closeout,archived_or_superseded,daily_nav_unavailable,benchmark_coverage_insufficient,daily_nav_unavailable,companion_reporting_only;no_model_status_change;daily_nav_or_returns_unavailable;eligible_benchmark_unavailable;comparison_does_not_repair_cash_or_order_contract
v5l_cash_constrained_nav_validation,report_complete_validation_not_independent,daily_nav_unavailable,benchmark_coverage_insufficient,validation_not_independent_or_overlapping,companion_reporting_only;no_model_status_change;eligible_benchmark_unavailable;comparison_does_not_repair_cash_or_order_contract
v5l_primary_candidate_risk_observation,performance_data_unavailable,daily_nav_unavailable,benchmark_coverage_insufficient,daily_nav_unavailable,companion_reporting_only;no_model_status_change;daily_nav_or_returns_unavailable;eligible_benchmark_unavailable;comparison_does_not_repair_cash_or_order_contract
v5l_qmt_execution_evidence_and_forward_readiness,execution_only_no_strategy_nav,daily_nav_unavailable,benchmark_coverage_insufficient,daily_nav_unavailable,companion_reporting_only;no_model_status_change;daily_nav_or_returns_unavailable;eligible_benchmark_unavailable;comparison_does_not_repair_cash_or_order_contract
v5m_forward_paper_cycle_readiness,performance_data_unavailable,daily_nav_unavailable,benchmark_coverage_insufficient,daily_nav_unavailable,companion_reporting_only;no_model_status_change;daily_nav_or_returns_unavailable;eligible_benchmark_unavailable;comparison_does_not_repair_cash_or_order_contract
v5m_p0_closure,performance_data_unavailable,daily_nav_unavailable,benchmark_coverage_insufficient,daily_nav_unavailable,companion_reporting_only;no_model_status_change;daily_nav_or_returns_unavailable;eligible_benchmark_unavailable;comparison_does_not_repair_cash_or_order_contract
v5m_qmt_historical_contract_recovery,execution_only_no_strategy_nav,daily_nav_unavailable,benchmark_coverage_insufficient,daily_nav_unavailable,companion_reporting_only;no_model_status_change;daily_nav_or_returns_unavailable;eligible_benchmark_unavailable;comparison_does_not_repair_cash_or_order_contract
v5m_strict_cash_state_nav_repair,performance_data_unavailable,daily_nav_unavailable,benchmark_coverage_insufficient,daily_nav_unavailable,companion_reporting_only;no_model_status_change;daily_nav_or_returns_unavailable;eligible_benchmark_unavailable;comparison_does_not_repair_cash_or_order_contract
v5m_workflow_test_isolation_repair,performance_data_unavailable,daily_nav_unavailable,benchmark_coverage_insufficient,daily_nav_unavailable,companion_reporting_only;no_model_status_change;daily_nav_or_returns_unavailable;eligible_benchmark_unavailable;comparison_does_not_repair_cash_or_order_contract
