trade_date,order_health_status,selected_count,selected_codes,executed_order_count,buy_order_count,sell_order_count,skipped_order_count,buy_skipped_count,sell_skipped_count,buy_turnover,sell_turnover,holding_count_after_rebalance,cash_weight_after_rebalance,portfolio_value_after_rebalance,diagnosis
2021-10-08,normal_ordered,28,000421.XSHE;000429.XSHE;000539.XSHE;000543.XSHE;000900.XSHE;001872.XSHE;002040.XSHE;002807.XSHE;600017.XSHG;600033.XSHG;600035.XSHG;600106.XSHG;600368.XSHG;600377.XSHG;600617.XSHG;600928.XSHG;600969.XSHG;601006.XSHG;601018.XSHG;601077.XSHG;601288.XSHG;601326.XSHG;601333.XSHG;601398.XSHG;601985.XSHG;601988.XSHG;601991.XSHG;603323.XSHG,28,28,0,0,0,0,1789470.0,0,28,0.10505387803868664,1998909.1589999995,At least one order executed and holdings exist after rebalance.
2022-01-04,normal_ordered,28,000421.XSHE;000429.XSHE;000755.XSHE;000900.XSHE;002040.XSHE;002807.XSHE;002893.XSHE;003816.XSHE;600017.XSHG;600033.XSHG;600035.XSHG;600368.XSHG;600377.XSHG;600617.XSHG;600717.XSHG;600928.XSHG;600969.XSHG;601006.XSHG;601008.XSHG;601018.XSHG;601077.XSHG;601229.XSHG;601288.XSHG;601368.XSHG;601398.XSHG;601880.XSHG;601985.XSHG;601988.XSHG,35,26,9,0,0,0,565276.0,568210.0,28,0.10341336084260176,2054935.8193999997,At least one order executed and holdings exist after rebalance.
2022-04-01,normal_ordered,25,000421.XSHE;000429.XSHE;000582.XSHE;001872.XSHE;002267.XSHE;002807.XSHE;003816.XSHE;600012.XSHG;600033.XSHG;600350.XSHG;600681.XSHG;600717.XSHG;600795.XSHG;600886.XSHG;601006.XSHG;601077.XSHG;601228.XSHG;601229.XSHG;601288.XSHG;601298.XSHG;601326.XSHG;601398.XSHG;601939.XSHG;601985.XSHG;601988.XSHG,39,16,23,0,0,0,804262.0,1005683.0,25,0.1980621365361209,2086912.3110999996,At least one order executed and holdings exist after rebalance.
2022-07-01,normal_ordered,27,000429.XSHE;000755.XSHE;000883.XSHE;001872.XSHE;002608.XSHE;003816.XSHE;600012.XSHG;600017.XSHG;600033.XSHG;600035.XSHG;600350.XSHG;600795.XSHG;600886.XSHG;601000.XSHG;601006.XSHG;601018.XSHG;601077.XSHG;601169.XSHG;601288.XSHG;601298.XSHG;601326.XSHG;601398.XSHG;601825.XSHG;601939.XSHG;601985.XSHG;601988.XSHG;601991.XSHG,34,23,11,0,0,0,722428.0,574681.0,27,0.13647706235941034,2112924.7649,At least one order executed and holdings exist after rebalance.
2022-10-10,normal_ordered,30,000027.XSHE;000429.XSHE;000598.XSHE;000755.XSHE;001872.XSHE;003816.XSHE;600008.XSHG;600012.XSHG;600017.XSHG;600033.XSHG;600035.XSHG;600050.XSHG;600350.XSHG;600717.XSHG;600719.XSHG;600795.XSHG;600803.XSHG;600941.XSHG;601006.XSHG;601008.XSHG;601077.XSHG;601169.XSHG;601288.XSHG;601298.XSHG;601326.XSHG;601398.XSHG;601728.XSHG;601825.XSHG;601939.XSHG;601988.XSHG,37,25,12,0,0,0,728027.0,493058.0,30,0.043352325786130574,2098412.0424999995,At least one order executed and holdings exist after rebalance.
2023-01-03,normal_ordered,30,000429.XSHE;000755.XSHE;000905.XSHE;002039.XSHE;003816.XSHE;600012.XSHG;600018.XSHG;600033.XSHG;600035.XSHG;600050.XSHG;600098.XSHG;600283.XSHG;600350.XSHG;600461.XSHG;600717.XSHG;600886.XSHG;600941.XSHG;601000.XSHG;601006.XSHG;601077.XSHG;601288.XSHG;601298.XSHG;601398.XSHG;601728.XSHG;601825.XSHG;601880.XSHG;601939.XSHG;601985.XSHG;601988.XSHG;601997.XSHG,40,22,18,0,0,0,804636.0,804113.0,30,0.040981107856552096,2219291.0039999997,At least one order executed and holdings exist after rebalance.
2023-04-03,normal_ordered,31,000429.XSHE;000755.XSHE;001872.XSHE;600012.XSHG;600017.XSHG;600018.XSHG;600033.XSHG;600035.XSHG;600050.XSHG;600098.XSHG;600168.XSHG;600283.XSHG;600350.XSHG;600377.XSHG;600617.XSHG;600681.XSHG;600717.XSHG;600941.XSHG;600956.XSHG;601006.XSHG;601077.XSHG;601169.XSHG;601288.XSHG;601298.XSHG;601398.XSHG;601728.XSHG;601825.XSHG;601880.XSHG;601939.XSHG;601985.XSHG;601988.XSHG,36,23,13,1,0,1,647244.0,570190.0,31,0.005697908137548023,2361136.5390999997,At least one order executed and holdings exist after rebalance.
2023-07-03,normal_ordered,31,000027.XSHE;000421.XSHE;000429.XSHE;000557.XSHE;000883.XSHE;002267.XSHE;002807.XSHE;600012.XSHG;600017.XSHG;600018.XSHG;600020.XSHG;600033.XSHG;600035.XSHG;600050.XSHG;600350.XSHG;600377.XSHG;600617.XSHG;600642.XSHG;600908.XSHG;600941.XSHG;601006.XSHG;601018.XSHG;601077.XSHG;601228.XSHG;601229.XSHG;601728.XSHG;601825.XSHG;601880.XSHG;601985.XSHG;601997.XSHG;603323.XSHG,43,23,20,0,0,0,1174814.0,1163503.0,31,0.01062742479851488,2507297.1114999996,At least one order executed and holdings exist after rebalance.
2023-10-09,normal_ordered,31,000407.XSHE;000421.XSHE;000429.XSHE;000582.XSHE;000755.XSHE;000900.XSHE;002807.XSHE;003816.XSHE;600017.XSHG;600020.XSHG;600033.XSHG;600035.XSHG;600050.XSHG;600377.XSHG;600396.XSHG;600617.XSHG;600717.XSHG;600908.XSHG;600941.XSHG;600969.XSHG;601006.XSHG;601008.XSHG;601018.XSHG;601077.XSHG;601166.XSHG;601229.XSHG;601728.XSHG;601825.XSHG;601880.XSHG;601985.XSHG;603323.XSHG,37,18,19,0,0,0,841674.0,810070.0,31,0.009649956161718397,2546667.2271,At least one order executed and holdings exist after rebalance.
2024-01-02,normal_ordered,31,000027.XSHE;000429.XSHE;000582.XSHE;000692.XSHE;000791.XSHE;000900.XSHE;000905.XSHE;002039.XSHE;002807.XSHE;600017.XSHG;600020.XSHG;600033.XSHG;600035.XSHG;600050.XSHG;600350.XSHG;600377.XSHG;600617.XSHG;600717.XSHG;600795.XSHG;600941.XSHG;601006.XSHG;601018.XSHG;601077.XSHG;601169.XSHG;601228.XSHG;601229.XSHG;601398.XSHG;601728.XSHG;601825.XSHG;601991.XSHG;603323.XSHG,40,23,17,0,0,0,917802.0,912613.0,31,0.007881991796701893,2514940.7423,At least one order executed and holdings exist after rebalance.
2024-04-01,normal_ordered,31,000027.XSHE;000429.XSHE;000690.XSHE;000692.XSHE;000900.XSHE;002807.XSHE;600000.XSHG;600017.XSHG;600018.XSHG;600020.XSHG;600033.XSHG;600035.XSHG;600050.XSHG;600350.XSHG;600377.XSHG;600578.XSHG;600717.XSHG;600795.XSHG;600803.XSHG;600886.XSHG;600941.XSHG;601006.XSHG;601077.XSHG;601187.XSHG;601229.XSHG;601298.XSHG;601398.XSHG;601728.XSHG;601816.XSHG;601880.XSHG;603323.XSHG,39,18,21,0,0,0,912858.0,917154.0,31,0.008763445782407333,2682423.2709,At least one order executed and holdings exist after rebalance.
2024-07-01,normal_ordered,31,000027.XSHE;000429.XSHE;000539.XSHE;000883.XSHE;000900.XSHE;002807.XSHE;600000.XSHG;600011.XSHG;600017.XSHG;600018.XSHG;600020.XSHG;600021.XSHG;600033.XSHG;600035.XSHG;600050.XSHG;600350.XSHG;600377.XSHG;600717.XSHG;600795.XSHG;600908.XSHG;600941.XSHG;601008.XSHG;601018.XSHG;601077.XSHG;601169.XSHG;601326.XSHG;601398.XSHG;601728.XSHG;601816.XSHG;601939.XSHG;601991.XSHG,40,23,17,0,0,0,1075590.0,1031827.0,31,0.00945719742798834,2901678.7487999997,At least one order executed and holdings exist after rebalance.
2024-10-08,normal_ordered,31,000027.XSHE;000429.XSHE;000539.XSHE;000601.XSHE;000828.XSHE;000905.XSHE;002807.XSHE;600017.XSHG;600020.XSHG;600021.XSHG;600033.XSHG;600035.XSHG;600050.XSHG;600350.XSHG;600377.XSHG;600681.XSHG;600717.XSHG;600795.XSHG;600803.XSHG;600908.XSHG;600941.XSHG;601018.XSHG;601077.XSHG;601166.XSHG;601326.XSHG;601398.XSHG;601728.XSHG;601816.XSHG;601818.XSHG;601880.XSHG;601988.XSHG,37,16,21,2,2,0,925570.0,1012385.0,30,0.046795744437456155,3154296.6604,At least one order executed and holdings exist after rebalance.
2025-01-02,normal_ordered,31,000429.XSHE;000539.XSHE;000828.XSHE;000900.XSHE;000905.XSHE;002039.XSHE;002807.XSHE;002966.XSHE;600017.XSHG;600020.XSHG;600033.XSHG;600035.XSHG;600050.XSHG;600098.XSHG;600377.XSHG;600717.XSHG;600744.XSHG;600795.XSHG;600908.XSHG;600941.XSHG;600969.XSHG;601006.XSHG;601018.XSHG;601228.XSHG;601326.XSHG;601528.XSHG;601728.XSHG;601818.XSHG;601825.XSHG;601991.XSHG;601997.XSHG,43,24,19,0,0,0,1409823.0,1290402.0,31,0.01082983014782756,3107922.2702999995,At least one order executed and holdings exist after rebalance.
2025-04-01,normal_ordered,31,000407.XSHE;000543.XSHE;000791.XSHE;000828.XSHE;000900.XSHE;000905.XSHE;002039.XSHE;002807.XSHE;002966.XSHE;600017.XSHG;600020.XSHG;600033.XSHG;600035.XSHG;600050.XSHG;600098.XSHG;600350.XSHG;600377.XSHG;600578.XSHG;600717.XSHG;600803.XSHG;600908.XSHG;600941.XSHG;601006.XSHG;601008.XSHG;601018.XSHG;601228.XSHG;601398.XSHG;601728.XSHG;601825.XSHG;601988.XSHG;601997.XSHG,38,22,16,0,0,0,965169.0,960772.0,31,0.009603420666575827,3208817.6254999996,At least one order executed and holdings exist after rebalance.
2025-07-01,normal_ordered,31,000001.XSHE;000027.XSHE;000429.XSHE;000543.XSHE;000900.XSHE;001213.XSHE;002807.XSHE;600011.XSHG;600018.XSHG;600020.XSHG;600021.XSHG;600027.XSHG;600033.XSHG;600035.XSHG;600050.XSHG;600350.XSHG;600377.XSHG;600717.XSHG;600795.XSHG;600908.XSHG;600941.XSHG;601009.XSHG;601018.XSHG;601228.XSHG;601326.XSHG;601333.XSHG;601398.XSHG;601728.XSHG;601939.XSHG;601991.XSHG;601997.XSHG,43,24,19,0,0,0,1612123.0,1573595.0,31,0.010113548338915803,3426821.323099999,At least one order executed and holdings exist after rebalance.
2025-10-09,normal_ordered,31,000001.XSHE;000421.XSHE;000755.XSHE;000828.XSHE;001872.XSHE;002807.XSHE;002839.XSHE;600011.XSHG;600017.XSHG;600020.XSHG;600027.XSHG;600033.XSHG;600035.XSHG;600050.XSHG;600350.XSHG;600377.XSHG;600717.XSHG;600795.XSHG;600803.XSHG;600908.XSHG;600941.XSHG;601018.XSHG;601139.XSHG;601326.XSHG;601333.XSHG;601398.XSHG;601528.XSHG;601728.XSHG;601880.XSHG;601997.XSHG;603689.XSHG,42,26,16,0,0,0,1377665.0,1338341.0,31,0.00968269221643921,3484057.0520999986,At least one order executed and holdings exist after rebalance.
2026-01-05,normal_ordered,31,000001.XSHE;000027.XSHE;000543.XSHE;000548.XSHE;000755.XSHE;000828.XSHE;001872.XSHE;002039.XSHE;002839.XSHE;600011.XSHG;600017.XSHG;600018.XSHG;600020.XSHG;600027.XSHG;600033.XSHG;600035.XSHG;600050.XSHG;600377.XSHG;600717.XSHG;600795.XSHG;600908.XSHG;600941.XSHG;601000.XSHG;601006.XSHG;601298.XSHG;601528.XSHG;601728.XSHG;601860.XSHG;601991.XSHG;601997.XSHG;603323.XSHG,42,26,16,0,0,0,1313492.0,1290786.0,31,0.008230235709831616,3520044.798399999,At least one order executed and holdings exist after rebalance.
2026-04-01,normal_ordered,31,000001.XSHE;000027.XSHE;000543.XSHE;000828.XSHE;001872.XSHE;002039.XSHE;600012.XSHG;600017.XSHG;600020.XSHG;600023.XSHG;600033.XSHG;600035.XSHG;600050.XSHG;600350.XSHG;600377.XSHG;600642.XSHG;600717.XSHG;600886.XSHG;600908.XSHG;600941.XSHG;601006.XSHG;601128.XSHG;601139.XSHG;601169.XSHG;601333.XSHG;601528.XSHG;601728.XSHG;601816.XSHG;601880.XSHG;601997.XSHG;603323.XSHG,41,23,18,0,0,0,1317019.0,1315822.0,31,0.008390650236816026,3502726.149999999,At least one order executed and holdings exist after rebalance.
