code,report_period,sleeve_ids,source_pdf,availability_status,future_annual_report_substitution_allowed,price_proxy_allowed,usable_for_exact_target
000027.XSHE,2017-09-30,utilities_electricity,v5j_pre2021_infra_original_cashflow_panel\current\pdf\000027_XSHE_2017-09-30.pdf,genuine_disclosure_unavailable_candidate,False,False,False
000027.XSHE,2018-03-31,utilities_electricity,v5j_pre2021_infra_original_cashflow_panel\current\pdf\000027_XSHE_2018-03-31.pdf,genuine_disclosure_unavailable_candidate,False,False,False
000027.XSHE,2018-09-30,utilities_electricity,v5j_pre2021_infra_original_cashflow_panel\current\pdf\000027_XSHE_2018-09-30.pdf,genuine_disclosure_unavailable_candidate,False,False,False
000027.XSHE,2019-09-30,utilities_electricity,v5j_pre2021_infra_original_cashflow_panel\current\pdf\000027_XSHE_2019-09-30.pdf,genuine_disclosure_unavailable_candidate,False,False,False
000027.XSHE,2020-03-31,utilities_electricity,v5j_pre2021_infra_original_cashflow_panel\current\pdf\000027_XSHE_2020-03-31.pdf,genuine_disclosure_unavailable_candidate,False,False,False
000027.XSHE,2020-09-30,utilities_electricity,v5j_pre2021_infra_original_cashflow_panel\current\pdf\000027_XSHE_2020-09-30.pdf,genuine_disclosure_unavailable_candidate,False,False,False
000037.XSHE,2017-09-30,utilities_electricity,v5j_pre2021_infra_original_cashflow_panel\current\pdf\000037_XSHE_2017-09-30.pdf,genuine_disclosure_unavailable_candidate,False,False,False
000037.XSHE,2018-09-30,utilities_electricity,v5j_pre2021_infra_original_cashflow_panel\current\pdf\000037_XSHE_2018-09-30.pdf,genuine_disclosure_unavailable_candidate,False,False,False
000037.XSHE,2019-09-30,utilities_electricity,v5j_pre2021_infra_original_cashflow_panel\current\pdf\000037_XSHE_2019-09-30.pdf,genuine_disclosure_unavailable_candidate,False,False,False
000037.XSHE,2020-09-30,utilities_electricity,v5j_pre2021_infra_original_cashflow_panel\current\pdf\000037_XSHE_2020-09-30.pdf,genuine_disclosure_unavailable_candidate,False,False,False
000088.XSHE,2018-09-30,highway_infrastructure,v5j_pre2021_infra_original_cashflow_panel\current\pdf\000088_XSHE_2018-09-30.pdf,genuine_disclosure_unavailable_candidate,False,False,False
000088.XSHE,2020-09-30,highway_infrastructure,v5j_pre2021_infra_original_cashflow_panel\current\pdf\000088_XSHE_2020-09-30.pdf,genuine_disclosure_unavailable_candidate,False,False,False
000155.XSHE,2019-09-30,utilities_electricity,v5j_pre2021_infra_original_cashflow_panel\current\pdf\000155_XSHE_2019-09-30.pdf,genuine_disclosure_unavailable_candidate,False,False,False
000301.XSHE,2018-03-31,utilities_electricity,v5j_pre2021_infra_original_cashflow_panel\current\pdf\000301_XSHE_2018-03-31.pdf,genuine_disclosure_unavailable_candidate,False,False,False
000429.XSHE,2019-09-30,highway_infrastructure,v5j_pre2021_infra_original_cashflow_panel\current\pdf\000429_XSHE_2019-09-30.pdf,genuine_disclosure_unavailable_candidate,False,False,False
000507.XSHE,2019-03-31,port_rail_infrastructure,v5j_pre2021_infra_original_cashflow_panel\current\pdf\000507_XSHE_2019-03-31.pdf,genuine_disclosure_unavailable_candidate,False,False,False
000507.XSHE,2020-09-30,port_rail_infrastructure,v5j_pre2021_infra_original_cashflow_panel\current\pdf\000507_XSHE_2020-09-30.pdf,genuine_disclosure_unavailable_candidate,False,False,False
000520.XSHE,2017-06-30,port_rail_infrastructure,v5j_pre2021_infra_original_cashflow_panel\current\pdf\000520_XSHE_2017-06-30.pdf,needs_original_table_layout_review,False,False,False
000520.XSHE,2018-03-31,port_rail_infrastructure,v5j_pre2021_infra_original_cashflow_panel\current\pdf\000520_XSHE_2018-03-31.pdf,needs_original_table_layout_review,False,False,False
000520.XSHE,2018-09-30,port_rail_infrastructure,v5j_pre2021_infra_original_cashflow_panel\current\pdf\000520_XSHE_2018-09-30.pdf,needs_original_table_layout_review,False,False,False
000520.XSHE,2019-03-31,port_rail_infrastructure,v5j_pre2021_infra_original_cashflow_panel\current\pdf\000520_XSHE_2019-03-31.pdf,needs_original_table_layout_review,False,False,False
000520.XSHE,2020-09-30,port_rail_infrastructure,v5j_pre2021_infra_original_cashflow_panel\current\pdf\000520_XSHE_2020-09-30.pdf,needs_original_table_layout_review,False,False,False
000531.XSHE,2017-09-30,utilities_electricity,v5j_pre2021_infra_original_cashflow_panel\current\pdf\000531_XSHE_2017-09-30.pdf,genuine_disclosure_unavailable_candidate,False,False,False
000531.XSHE,2018-09-30,utilities_electricity,v5j_pre2021_infra_original_cashflow_panel\current\pdf\000531_XSHE_2018-09-30.pdf,genuine_disclosure_unavailable_candidate,False,False,False
000539.XSHE,2020-03-31,utilities_electricity,v5j_pre2021_infra_original_cashflow_panel\current\pdf\000539_XSHE_2020-03-31.pdf,genuine_disclosure_unavailable_candidate,False,False,False
000539.XSHE,2020-09-30,utilities_electricity,v5j_pre2021_infra_original_cashflow_panel\current\pdf\000539_XSHE_2020-09-30.pdf,genuine_disclosure_unavailable_candidate,False,False,False
000543.XSHE,2020-09-30,utilities_electricity,v5j_pre2021_infra_original_cashflow_panel\current\pdf\000543_XSHE_2020-09-30.pdf,genuine_disclosure_unavailable_candidate,False,False,False
000548.XSHE,2017-09-30,highway_infrastructure,v5j_pre2021_infra_original_cashflow_panel\current\pdf\000548_XSHE_2017-09-30.pdf,genuine_disclosure_unavailable_candidate,False,False,False
000548.XSHE,2020-09-30,highway_infrastructure,v5j_pre2021_infra_original_cashflow_panel\current\pdf\000548_XSHE_2020-09-30.pdf,needs_original_table_layout_review,False,False,False
000557.XSHE,2018-03-31,port_rail_infrastructure,v5j_pre2021_infra_original_cashflow_panel\current\pdf\000557_XSHE_2018-03-31.pdf,genuine_disclosure_unavailable_candidate,False,False,False
000557.XSHE,2019-03-31,port_rail_infrastructure,v5j_pre2021_infra_original_cashflow_panel\current\pdf\000557_XSHE_2019-03-31.pdf,genuine_disclosure_unavailable_candidate,False,False,False
000557.XSHE,2019-09-30,port_rail_infrastructure,v5j_pre2021_infra_original_cashflow_panel\current\pdf\000557_XSHE_2019-09-30.pdf,needs_original_table_layout_review,False,False,False
000557.XSHE,2020-03-31,port_rail_infrastructure,v5j_pre2021_infra_original_cashflow_panel\current\pdf\000557_XSHE_2020-03-31.pdf,genuine_disclosure_unavailable_candidate,False,False,False
000557.XSHE,2020-09-30,port_rail_infrastructure,v5j_pre2021_infra_original_cashflow_panel\current\pdf\000557_XSHE_2020-09-30.pdf,needs_original_table_layout_review,False,False,False
000582.XSHE,2018-03-31,port_rail_infrastructure,v5j_pre2021_infra_original_cashflow_panel\current\pdf\000582_XSHE_2018-03-31.pdf,genuine_disclosure_unavailable_candidate,False,False,False
000582.XSHE,2020-03-31,port_rail_infrastructure,v5j_pre2021_infra_original_cashflow_panel\current\pdf\000582_XSHE_2020-03-31.pdf,genuine_disclosure_unavailable_candidate,False,False,False
000591.XSHE,2018-03-31,utilities_electricity,v5j_pre2021_infra_original_cashflow_panel\current\pdf\000591_XSHE_2018-03-31.pdf,genuine_disclosure_unavailable_candidate,False,False,False
000591.XSHE,2018-09-30,utilities_electricity,v5j_pre2021_infra_original_cashflow_panel\current\pdf\000591_XSHE_2018-09-30.pdf,genuine_disclosure_unavailable_candidate,False,False,False
000591.XSHE,2019-09-30,utilities_electricity,v5j_pre2021_infra_original_cashflow_panel\current\pdf\000591_XSHE_2019-09-30.pdf,genuine_disclosure_unavailable_candidate,False,False,False
000591.XSHE,2020-03-31,utilities_electricity,v5j_pre2021_infra_original_cashflow_panel\current\pdf\000591_XSHE_2020-03-31.pdf,genuine_disclosure_unavailable_candidate,False,False,False
000591.XSHE,2020-09-30,utilities_electricity,v5j_pre2021_infra_original_cashflow_panel\current\pdf\000591_XSHE_2020-09-30.pdf,genuine_disclosure_unavailable_candidate,False,False,False
000600.XSHE,2018-03-31,utilities_electricity,v5j_pre2021_infra_original_cashflow_panel\current\pdf\000600_XSHE_2018-03-31.pdf,genuine_disclosure_unavailable_candidate,False,False,False
000600.XSHE,2018-09-30,utilities_electricity,v5j_pre2021_infra_original_cashflow_panel\current\pdf\000600_XSHE_2018-09-30.pdf,genuine_disclosure_unavailable_candidate,False,False,False
000600.XSHE,2019-03-31,utilities_electricity,v5j_pre2021_infra_original_cashflow_panel\current\pdf\000600_XSHE_2019-03-31.pdf,genuine_disclosure_unavailable_candidate,False,False,False
000600.XSHE,2019-09-30,utilities_electricity,v5j_pre2021_infra_original_cashflow_panel\current\pdf\000600_XSHE_2019-09-30.pdf,genuine_disclosure_unavailable_candidate,False,False,False
000600.XSHE,2020-03-31,utilities_electricity,v5j_pre2021_infra_original_cashflow_panel\current\pdf\000600_XSHE_2020-03-31.pdf,genuine_disclosure_unavailable_candidate,False,False,False
000600.XSHE,2020-09-30,utilities_electricity,v5j_pre2021_infra_original_cashflow_panel\current\pdf\000600_XSHE_2020-09-30.pdf,genuine_disclosure_unavailable_candidate,False,False,False
000601.XSHE,2020-03-31,utilities_electricity,v5j_pre2021_infra_original_cashflow_panel\current\pdf\000601_XSHE_2020-03-31.pdf,genuine_disclosure_unavailable_candidate,False,False,False
000602.XSHE,2013-03-31,utilities_electricity,v5j_pre2021_infra_original_cashflow_panel\current\pdf\000602_XSHE_2013-03-31.pdf,genuine_disclosure_unavailable_candidate,False,False,False
000690.XSHE,2018-03-31,utilities_electricity,v5j_pre2021_infra_original_cashflow_panel\current\pdf\000690_XSHE_2018-03-31.pdf,genuine_disclosure_unavailable_candidate,False,False,False
000690.XSHE,2018-09-30,utilities_electricity,v5j_pre2021_infra_original_cashflow_panel\current\pdf\000690_XSHE_2018-09-30.pdf,genuine_disclosure_unavailable_candidate,False,False,False
000690.XSHE,2019-03-31,utilities_electricity,v5j_pre2021_infra_original_cashflow_panel\current\pdf\000690_XSHE_2019-03-31.pdf,genuine_disclosure_unavailable_candidate,False,False,False
000690.XSHE,2020-09-30,utilities_electricity,v5j_pre2021_infra_original_cashflow_panel\current\pdf\000690_XSHE_2020-09-30.pdf,genuine_disclosure_unavailable_candidate,False,False,False
000692.XSHE,2018-03-31,utilities_electricity,v5j_pre2021_infra_original_cashflow_panel\current\pdf\000692_XSHE_2018-03-31.pdf,genuine_disclosure_unavailable_candidate,False,False,False
000692.XSHE,2018-09-30,utilities_electricity,v5j_pre2021_infra_original_cashflow_panel\current\pdf\000692_XSHE_2018-09-30.pdf,genuine_disclosure_unavailable_candidate,False,False,False
000692.XSHE,2019-03-31,utilities_electricity,v5j_pre2021_infra_original_cashflow_panel\current\pdf\000692_XSHE_2019-03-31.pdf,genuine_disclosure_unavailable_candidate,False,False,False
000692.XSHE,2019-09-30,utilities_electricity,v5j_pre2021_infra_original_cashflow_panel\current\pdf\000692_XSHE_2019-09-30.pdf,genuine_disclosure_unavailable_candidate,False,False,False
000695.XSHE,2014-06-30,utilities_electricity,v5j_pre2021_infra_original_cashflow_panel\current\pdf\000695_XSHE_2014-06-30.pdf,needs_original_table_layout_review,False,False,False
000695.XSHE,2014-09-30,utilities_electricity,v5j_pre2021_infra_original_cashflow_panel\current\pdf\000695_XSHE_2014-09-30.pdf,needs_original_table_layout_review,False,False,False
000695.XSHE,2014-12-31,utilities_electricity,v5j_pre2021_infra_original_cashflow_panel\current\pdf\000695_XSHE_2014-12-31.pdf,needs_original_table_layout_review,False,False,False
000695.XSHE,2015-03-31,utilities_electricity,v5j_pre2021_infra_original_cashflow_panel\current\pdf\000695_XSHE_2015-03-31.pdf,needs_original_table_layout_review,False,False,False
000695.XSHE,2018-09-30,utilities_electricity,v5j_pre2021_infra_original_cashflow_panel\current\pdf\000695_XSHE_2018-09-30.pdf,genuine_disclosure_unavailable_candidate,False,False,False
000720.XSHE,2019-09-30,utilities_electricity,v5j_pre2021_infra_original_cashflow_panel\current\pdf\000720_XSHE_2019-09-30.pdf,genuine_disclosure_unavailable_candidate,False,False,False
000720.XSHE,2020-03-31,utilities_electricity,v5j_pre2021_infra_original_cashflow_panel\current\pdf\000720_XSHE_2020-03-31.pdf,genuine_disclosure_unavailable_candidate,False,False,False
000720.XSHE,2020-09-30,utilities_electricity,v5j_pre2021_infra_original_cashflow_panel\current\pdf\000720_XSHE_2020-09-30.pdf,genuine_disclosure_unavailable_candidate,False,False,False
000722.XSHE,2019-03-31,utilities_electricity,v5j_pre2021_infra_original_cashflow_panel\current\pdf\000722_XSHE_2019-03-31.pdf,genuine_disclosure_unavailable_candidate,False,False,False
000755.XSHE,2018-09-30,highway_infrastructure,v5j_pre2021_infra_original_cashflow_panel\current\pdf\000755_XSHE_2018-09-30.pdf,genuine_disclosure_unavailable_candidate,False,False,False
000755.XSHE,2019-03-31,highway_infrastructure,v5j_pre2021_infra_original_cashflow_panel\current\pdf\000755_XSHE_2019-03-31.pdf,genuine_disclosure_unavailable_candidate,False,False,False
000755.XSHE,2019-09-30,highway_infrastructure,v5j_pre2021_infra_original_cashflow_panel\current\pdf\000755_XSHE_2019-09-30.pdf,genuine_disclosure_unavailable_candidate,False,False,False
000755.XSHE,2020-03-31,highway_infrastructure,v5j_pre2021_infra_original_cashflow_panel\current\pdf\000755_XSHE_2020-03-31.pdf,genuine_disclosure_unavailable_candidate,False,False,False
000755.XSHE,2020-09-30,highway_infrastructure,v5j_pre2021_infra_original_cashflow_panel\current\pdf\000755_XSHE_2020-09-30.pdf,genuine_disclosure_unavailable_candidate,False,False,False
000767.XSHE,2019-03-31,utilities_electricity,v5j_pre2021_infra_original_cashflow_panel\current\pdf\000767_XSHE_2019-03-31.pdf,genuine_disclosure_unavailable_candidate,False,False,False
000791.XSHE,2018-03-31,utilities_electricity,v5j_pre2021_infra_original_cashflow_panel\current\pdf\000791_XSHE_2018-03-31.pdf,genuine_disclosure_unavailable_candidate,False,False,False
000828.XSHE,2017-09-30,highway_infrastructure,v5j_pre2021_infra_original_cashflow_panel\current\pdf\000828_XSHE_2017-09-30.pdf,genuine_disclosure_unavailable_candidate,False,False,False
000828.XSHE,2018-03-31,highway_infrastructure,v5j_pre2021_infra_original_cashflow_panel\current\pdf\000828_XSHE_2018-03-31.pdf,genuine_disclosure_unavailable_candidate,False,False,False
000828.XSHE,2018-09-30,highway_infrastructure,v5j_pre2021_infra_original_cashflow_panel\current\pdf\000828_XSHE_2018-09-30.pdf,genuine_disclosure_unavailable_candidate,False,False,False
000828.XSHE,2019-03-31,highway_infrastructure,v5j_pre2021_infra_original_cashflow_panel\current\pdf\000828_XSHE_2019-03-31.pdf,genuine_disclosure_unavailable_candidate,False,False,False
000862.XSHE,2017-09-30,utilities_electricity,v5j_pre2021_infra_original_cashflow_panel\current\pdf\000862_XSHE_2017-09-30.pdf,genuine_disclosure_unavailable_candidate,False,False,False
000862.XSHE,2019-03-31,utilities_electricity,v5j_pre2021_infra_original_cashflow_panel\current\pdf\000862_XSHE_2019-03-31.pdf,genuine_disclosure_unavailable_candidate,False,False,False
000862.XSHE,2019-09-30,utilities_electricity,v5j_pre2021_infra_original_cashflow_panel\current\pdf\000862_XSHE_2019-09-30.pdf,genuine_disclosure_unavailable_candidate,False,False,False
000875.XSHE,2019-09-30,utilities_electricity,v5j_pre2021_infra_original_cashflow_panel\current\pdf\000875_XSHE_2019-09-30.pdf,genuine_disclosure_unavailable_candidate,False,False,False
000875.XSHE,2020-03-31,utilities_electricity,v5j_pre2021_infra_original_cashflow_panel\current\pdf\000875_XSHE_2020-03-31.pdf,genuine_disclosure_unavailable_candidate,False,False,False
000883.XSHE,2018-09-30,utilities_electricity,v5j_pre2021_infra_original_cashflow_panel\current\pdf\000883_XSHE_2018-09-30.pdf,genuine_disclosure_unavailable_candidate,False,False,False
000883.XSHE,2019-03-31,utilities_electricity,v5j_pre2021_infra_original_cashflow_panel\current\pdf\000883_XSHE_2019-03-31.pdf,genuine_disclosure_unavailable_candidate,False,False,False
000883.XSHE,2019-09-30,utilities_electricity,v5j_pre2021_infra_original_cashflow_panel\current\pdf\000883_XSHE_2019-09-30.pdf,genuine_disclosure_unavailable_candidate,False,False,False
000883.XSHE,2020-03-31,utilities_electricity,v5j_pre2021_infra_original_cashflow_panel\current\pdf\000883_XSHE_2020-03-31.pdf,genuine_disclosure_unavailable_candidate,False,False,False
000883.XSHE,2020-09-30,utilities_electricity,v5j_pre2021_infra_original_cashflow_panel\current\pdf\000883_XSHE_2020-09-30.pdf,genuine_disclosure_unavailable_candidate,False,False,False
000885.XSHE,2018-03-31,highway_infrastructure,v5j_pre2021_infra_original_cashflow_panel\current\pdf\000885_XSHE_2018-03-31.pdf,genuine_disclosure_unavailable_candidate,False,False,False
000885.XSHE,2019-03-31,highway_infrastructure,v5j_pre2021_infra_original_cashflow_panel\current\pdf\000885_XSHE_2019-03-31.pdf,needs_ocr_source_review,False,False,False
000885.XSHE,2020-09-30,highway_infrastructure,v5j_pre2021_infra_original_cashflow_panel\current\pdf\000885_XSHE_2020-09-30.pdf,genuine_disclosure_unavailable_candidate,False,False,False
000899.XSHE,2018-03-31,utilities_electricity,v5j_pre2021_infra_original_cashflow_panel\current\pdf\000899_XSHE_2018-03-31.pdf,genuine_disclosure_unavailable_candidate,False,False,False
000899.XSHE,2018-09-30,utilities_electricity,v5j_pre2021_infra_original_cashflow_panel\current\pdf\000899_XSHE_2018-09-30.pdf,genuine_disclosure_unavailable_candidate,False,False,False
000899.XSHE,2020-03-31,utilities_electricity,v5j_pre2021_infra_original_cashflow_panel\current\pdf\000899_XSHE_2020-03-31.pdf,genuine_disclosure_unavailable_candidate,False,False,False
000899.XSHE,2020-09-30,utilities_electricity,v5j_pre2021_infra_original_cashflow_panel\current\pdf\000899_XSHE_2020-09-30.pdf,genuine_disclosure_unavailable_candidate,False,False,False
000900.XSHE,2018-03-31,highway_infrastructure,v5j_pre2021_infra_original_cashflow_panel\current\pdf\000900_XSHE_2018-03-31.pdf,genuine_disclosure_unavailable_candidate,False,False,False
000900.XSHE,2018-09-30,highway_infrastructure,v5j_pre2021_infra_original_cashflow_panel\current\pdf\000900_XSHE_2018-09-30.pdf,needs_original_table_layout_review,False,False,False
000900.XSHE,2019-03-31,highway_infrastructure,v5j_pre2021_infra_original_cashflow_panel\current\pdf\000900_XSHE_2019-03-31.pdf,genuine_disclosure_unavailable_candidate,False,False,False
000900.XSHE,2019-09-30,highway_infrastructure,v5j_pre2021_infra_original_cashflow_panel\current\pdf\000900_XSHE_2019-09-30.pdf,needs_original_table_layout_review,False,False,False
000905.XSHE,2018-03-31,port_rail_infrastructure,v5j_pre2021_infra_original_cashflow_panel\current\pdf\000905_XSHE_2018-03-31.pdf,genuine_disclosure_unavailable_candidate,False,False,False
000905.XSHE,2018-09-30,port_rail_infrastructure,v5j_pre2021_infra_original_cashflow_panel\current\pdf\000905_XSHE_2018-09-30.pdf,genuine_disclosure_unavailable_candidate,False,False,False
000905.XSHE,2019-03-31,port_rail_infrastructure,v5j_pre2021_infra_original_cashflow_panel\current\pdf\000905_XSHE_2019-03-31.pdf,genuine_disclosure_unavailable_candidate,False,False,False
000905.XSHE,2020-03-31,port_rail_infrastructure,v5j_pre2021_infra_original_cashflow_panel\current\pdf\000905_XSHE_2020-03-31.pdf,genuine_disclosure_unavailable_candidate,False,False,False
000905.XSHE,2020-09-30,port_rail_infrastructure,v5j_pre2021_infra_original_cashflow_panel\current\pdf\000905_XSHE_2020-09-30.pdf,genuine_disclosure_unavailable_candidate,False,False,False
000958.XSHE,2018-03-31,utilities_electricity,v5j_pre2021_infra_original_cashflow_panel\current\pdf\000958_XSHE_2018-03-31.pdf,genuine_disclosure_unavailable_candidate,False,False,False
000958.XSHE,2018-09-30,utilities_electricity,v5j_pre2021_infra_original_cashflow_panel\current\pdf\000958_XSHE_2018-09-30.pdf,genuine_disclosure_unavailable_candidate,False,False,False
000958.XSHE,2019-03-31,utilities_electricity,v5j_pre2021_infra_original_cashflow_panel\current\pdf\000958_XSHE_2019-03-31.pdf,genuine_disclosure_unavailable_candidate,False,False,False
000958.XSHE,2019-09-30,utilities_electricity,v5j_pre2021_infra_original_cashflow_panel\current\pdf\000958_XSHE_2019-09-30.pdf,genuine_disclosure_unavailable_candidate,False,False,False
000966.XSHE,2017-09-30,utilities_electricity,v5j_pre2021_infra_original_cashflow_panel\current\pdf\000966_XSHE_2017-09-30.pdf,genuine_disclosure_unavailable_candidate,False,False,False
000966.XSHE,2018-03-31,utilities_electricity,v5j_pre2021_infra_original_cashflow_panel\current\pdf\000966_XSHE_2018-03-31.pdf,genuine_disclosure_unavailable_candidate,False,False,False
000966.XSHE,2018-09-30,utilities_electricity,v5j_pre2021_infra_original_cashflow_panel\current\pdf\000966_XSHE_2018-09-30.pdf,genuine_disclosure_unavailable_candidate,False,False,False
000966.XSHE,2019-09-30,utilities_electricity,v5j_pre2021_infra_original_cashflow_panel\current\pdf\000966_XSHE_2019-09-30.pdf,genuine_disclosure_unavailable_candidate,False,False,False
000993.XSHE,2020-03-31,utilities_electricity,v5j_pre2021_infra_original_cashflow_panel\current\pdf\000993_XSHE_2020-03-31.pdf,genuine_disclosure_unavailable_candidate,False,False,False
001872.XSHE,2020-03-31,port_rail_infrastructure,v5j_pre2021_infra_original_cashflow_panel\current\pdf\001872_XSHE_2020-03-31.pdf,genuine_disclosure_unavailable_candidate,False,False,False
001896.XSHE,2017-09-30,utilities_electricity,v5j_pre2021_infra_original_cashflow_panel\current\pdf\001896_XSHE_2017-09-30.pdf,genuine_disclosure_unavailable_candidate,False,False,False
001896.XSHE,2018-03-31,utilities_electricity,v5j_pre2021_infra_original_cashflow_panel\current\pdf\001896_XSHE_2018-03-31.pdf,genuine_disclosure_unavailable_candidate,False,False,False
001896.XSHE,2018-09-30,utilities_electricity,v5j_pre2021_infra_original_cashflow_panel\current\pdf\001896_XSHE_2018-09-30.pdf,genuine_disclosure_unavailable_candidate,False,False,False
001965.XSHE,2018-03-31,highway_infrastructure,v5j_pre2021_infra_original_cashflow_panel\current\pdf\001965_XSHE_2018-03-31.pdf,genuine_disclosure_unavailable_candidate,False,False,False
001965.XSHE,2018-09-30,highway_infrastructure,v5j_pre2021_infra_original_cashflow_panel\current\pdf\001965_XSHE_2018-09-30.pdf,needs_original_table_layout_review,False,False,False
001965.XSHE,2019-03-31,highway_infrastructure,v5j_pre2021_infra_original_cashflow_panel\current\pdf\001965_XSHE_2019-03-31.pdf,genuine_disclosure_unavailable_candidate,False,False,False
001965.XSHE,2019-09-30,highway_infrastructure,v5j_pre2021_infra_original_cashflow_panel\current\pdf\001965_XSHE_2019-09-30.pdf,needs_original_table_layout_review,False,False,False
001965.XSHE,2020-03-31,highway_infrastructure,v5j_pre2021_infra_original_cashflow_panel\current\pdf\001965_XSHE_2020-03-31.pdf,genuine_disclosure_unavailable_candidate,False,False,False
001965.XSHE,2020-09-30,highway_infrastructure,v5j_pre2021_infra_original_cashflow_panel\current\pdf\001965_XSHE_2020-09-30.pdf,needs_original_table_layout_review,False,False,False
002015.XSHE,2019-09-30,utilities_electricity,v5j_pre2021_infra_original_cashflow_panel\current\pdf\002015_XSHE_2019-09-30.pdf,genuine_disclosure_unavailable_candidate,False,False,False
002039.XSHE,2018-03-31,utilities_electricity,v5j_pre2021_infra_original_cashflow_panel\current\pdf\002039_XSHE_2018-03-31.pdf,genuine_disclosure_unavailable_candidate,False,False,False
002039.XSHE,2018-09-30,utilities_electricity,v5j_pre2021_infra_original_cashflow_panel\current\pdf\002039_XSHE_2018-09-30.pdf,genuine_disclosure_unavailable_candidate,False,False,False
002040.XSHE,2017-09-30,port_rail_infrastructure,v5j_pre2021_infra_original_cashflow_panel\current\pdf\002040_XSHE_2017-09-30.pdf,genuine_disclosure_unavailable_candidate,False,False,False
002040.XSHE,2018-03-31,port_rail_infrastructure,v5j_pre2021_infra_original_cashflow_panel\current\pdf\002040_XSHE_2018-03-31.pdf,genuine_disclosure_unavailable_candidate,False,False,False
002040.XSHE,2018-09-30,port_rail_infrastructure,v5j_pre2021_infra_original_cashflow_panel\current\pdf\002040_XSHE_2018-09-30.pdf,genuine_disclosure_unavailable_candidate,False,False,False
002040.XSHE,2019-03-31,port_rail_infrastructure,v5j_pre2021_infra_original_cashflow_panel\current\pdf\002040_XSHE_2019-03-31.pdf,genuine_disclosure_unavailable_candidate,False,False,False
002040.XSHE,2019-09-30,port_rail_infrastructure,v5j_pre2021_infra_original_cashflow_panel\current\pdf\002040_XSHE_2019-09-30.pdf,genuine_disclosure_unavailable_candidate,False,False,False
002040.XSHE,2020-03-31,port_rail_infrastructure,v5j_pre2021_infra_original_cashflow_panel\current\pdf\002040_XSHE_2020-03-31.pdf,genuine_disclosure_unavailable_candidate,False,False,False
002040.XSHE,2020-09-30,port_rail_infrastructure,v5j_pre2021_infra_original_cashflow_panel\current\pdf\002040_XSHE_2020-09-30.pdf,genuine_disclosure_unavailable_candidate,False,False,False
002320.XSHE,2017-09-30,port_rail_infrastructure,v5j_pre2021_infra_original_cashflow_panel\current\pdf\002320_XSHE_2017-09-30.pdf,genuine_disclosure_unavailable_candidate,False,False,False
002320.XSHE,2019-03-31,port_rail_infrastructure,v5j_pre2021_infra_original_cashflow_panel\current\pdf\002320_XSHE_2019-03-31.pdf,genuine_disclosure_unavailable_candidate,False,False,False
002320.XSHE,2020-03-31,port_rail_infrastructure,v5j_pre2021_infra_original_cashflow_panel\current\pdf\002320_XSHE_2020-03-31.pdf,genuine_disclosure_unavailable_candidate,False,False,False
002320.XSHE,2020-09-30,port_rail_infrastructure,v5j_pre2021_infra_original_cashflow_panel\current\pdf\002320_XSHE_2020-09-30.pdf,genuine_disclosure_unavailable_candidate,False,False,False
002357.XSHE,2018-03-31,highway_infrastructure,v5j_pre2021_infra_original_cashflow_panel\current\pdf\002357_XSHE_2018-03-31.pdf,genuine_disclosure_unavailable_candidate,False,False,False
002357.XSHE,2018-09-30,highway_infrastructure,v5j_pre2021_infra_original_cashflow_panel\current\pdf\002357_XSHE_2018-09-30.pdf,genuine_disclosure_unavailable_candidate,False,False,False
002357.XSHE,2019-09-30,highway_infrastructure,v5j_pre2021_infra_original_cashflow_panel\current\pdf\002357_XSHE_2019-09-30.pdf,genuine_disclosure_unavailable_candidate,False,False,False
002357.XSHE,2020-09-30,highway_infrastructure,v5j_pre2021_infra_original_cashflow_panel\current\pdf\002357_XSHE_2020-09-30.pdf,genuine_disclosure_unavailable_candidate,False,False,False
002479.XSHE,2018-09-30,utilities_electricity,v5j_pre2021_infra_original_cashflow_panel\current\pdf\002479_XSHE_2018-09-30.pdf,genuine_disclosure_unavailable_candidate,False,False,False
002479.XSHE,2019-03-31,utilities_electricity,v5j_pre2021_infra_original_cashflow_panel\current\pdf\002479_XSHE_2019-03-31.pdf,genuine_disclosure_unavailable_candidate,False,False,False
002608.XSHE,2017-09-30,utilities_electricity,v5j_pre2021_infra_original_cashflow_panel\current\pdf\002608_XSHE_2017-09-30.pdf,genuine_disclosure_unavailable_candidate,False,False,False
002608.XSHE,2018-03-31,utilities_electricity,v5j_pre2021_infra_original_cashflow_panel\current\pdf\002608_XSHE_2018-03-31.pdf,genuine_disclosure_unavailable_candidate,False,False,False
002608.XSHE,2019-03-31,utilities_electricity,v5j_pre2021_infra_original_cashflow_panel\current\pdf\002608_XSHE_2019-03-31.pdf,genuine_disclosure_unavailable_candidate,False,False,False
002608.XSHE,2019-09-30,utilities_electricity,v5j_pre2021_infra_original_cashflow_panel\current\pdf\002608_XSHE_2019-09-30.pdf,genuine_disclosure_unavailable_candidate,False,False,False
002608.XSHE,2020-03-31,utilities_electricity,v5j_pre2021_infra_original_cashflow_panel\current\pdf\002608_XSHE_2020-03-31.pdf,genuine_disclosure_unavailable_candidate,False,False,False
002608.XSHE,2020-09-30,utilities_electricity,v5j_pre2021_infra_original_cashflow_panel\current\pdf\002608_XSHE_2020-09-30.pdf,genuine_disclosure_unavailable_candidate,False,False,False
002627.XSHE,2015-06-30,highway_infrastructure,v5j_pre2021_infra_original_cashflow_panel\current\pdf\002627_XSHE_2015-06-30.pdf,needs_original_table_layout_review,False,False,False
002627.XSHE,2015-09-30,highway_infrastructure,v5j_pre2021_infra_original_cashflow_panel\current\pdf\002627_XSHE_2015-09-30.pdf,needs_original_table_layout_review,False,False,False
002627.XSHE,2016-06-30,highway_infrastructure,v5j_pre2021_infra_original_cashflow_panel\current\pdf\002627_XSHE_2016-06-30.pdf,needs_original_table_layout_review,False,False,False
002627.XSHE,2017-06-30,highway_infrastructure,v5j_pre2021_infra_original_cashflow_panel\current\pdf\002627_XSHE_2017-06-30.pdf,needs_original_table_layout_review,False,False,False
002627.XSHE,2017-09-30,highway_infrastructure,v5j_pre2021_infra_original_cashflow_panel\current\pdf\002627_XSHE_2017-09-30.pdf,genuine_disclosure_unavailable_candidate,False,False,False
002627.XSHE,2018-03-31,highway_infrastructure,v5j_pre2021_infra_original_cashflow_panel\current\pdf\002627_XSHE_2018-03-31.pdf,genuine_disclosure_unavailable_candidate,False,False,False
002627.XSHE,2018-06-30,highway_infrastructure,v5j_pre2021_infra_original_cashflow_panel\current\pdf\002627_XSHE_2018-06-30.pdf,needs_original_table_layout_review,False,False,False
002627.XSHE,2018-09-30,highway_infrastructure,v5j_pre2021_infra_original_cashflow_panel\current\pdf\002627_XSHE_2018-09-30.pdf,genuine_disclosure_unavailable_candidate,False,False,False
002627.XSHE,2019-03-31,highway_infrastructure,v5j_pre2021_infra_original_cashflow_panel\current\pdf\002627_XSHE_2019-03-31.pdf,genuine_disclosure_unavailable_candidate,False,False,False
002627.XSHE,2019-09-30,highway_infrastructure,v5j_pre2021_infra_original_cashflow_panel\current\pdf\002627_XSHE_2019-09-30.pdf,genuine_disclosure_unavailable_candidate,False,False,False
002627.XSHE,2020-03-31,highway_infrastructure,v5j_pre2021_infra_original_cashflow_panel\current\pdf\002627_XSHE_2020-03-31.pdf,genuine_disclosure_unavailable_candidate,False,False,False
002627.XSHE,2020-09-30,highway_infrastructure,v5j_pre2021_infra_original_cashflow_panel\current\pdf\002627_XSHE_2020-09-30.pdf,genuine_disclosure_unavailable_candidate,False,False,False
002682.XSHE,2018-03-31,highway_infrastructure,v5j_pre2021_infra_original_cashflow_panel\current\pdf\002682_XSHE_2018-03-31.pdf,genuine_disclosure_unavailable_candidate,False,False,False
002682.XSHE,2020-09-30,highway_infrastructure,v5j_pre2021_infra_original_cashflow_panel\current\pdf\002682_XSHE_2020-09-30.pdf,genuine_disclosure_unavailable_candidate,False,False,False
002800.XSHE,2018-09-30,highway_infrastructure,v5j_pre2021_infra_original_cashflow_panel\current\pdf\002800_XSHE_2018-09-30.pdf,genuine_disclosure_unavailable_candidate,False,False,False
002800.XSHE,2019-03-31,highway_infrastructure,v5j_pre2021_infra_original_cashflow_panel\current\pdf\002800_XSHE_2019-03-31.pdf,genuine_disclosure_unavailable_candidate,False,False,False
002800.XSHE,2019-09-30,highway_infrastructure,v5j_pre2021_infra_original_cashflow_panel\current\pdf\002800_XSHE_2019-09-30.pdf,genuine_disclosure_unavailable_candidate,False,False,False
002800.XSHE,2020-03-31,highway_infrastructure,v5j_pre2021_infra_original_cashflow_panel\current\pdf\002800_XSHE_2020-03-31.pdf,genuine_disclosure_unavailable_candidate,False,False,False
002800.XSHE,2020-09-30,highway_infrastructure,v5j_pre2021_infra_original_cashflow_panel\current\pdf\002800_XSHE_2020-09-30.pdf,genuine_disclosure_unavailable_candidate,False,False,False
002893.XSHE,2018-09-30,utilities_electricity,v5j_pre2021_infra_original_cashflow_panel\current\pdf\002893_XSHE_2018-09-30.pdf,genuine_disclosure_unavailable_candidate,False,False,False
002893.XSHE,2019-03-31,utilities_electricity,v5j_pre2021_infra_original_cashflow_panel\current\pdf\002893_XSHE_2019-03-31.pdf,genuine_disclosure_unavailable_candidate,False,False,False
002893.XSHE,2019-09-30,utilities_electricity,v5j_pre2021_infra_original_cashflow_panel\current\pdf\002893_XSHE_2019-09-30.pdf,genuine_disclosure_unavailable_candidate,False,False,False
002893.XSHE,2020-03-31,utilities_electricity,v5j_pre2021_infra_original_cashflow_panel\current\pdf\002893_XSHE_2020-03-31.pdf,genuine_disclosure_unavailable_candidate,False,False,False
002893.XSHE,2020-09-30,utilities_electricity,v5j_pre2021_infra_original_cashflow_panel\current\pdf\002893_XSHE_2020-09-30.pdf,genuine_disclosure_unavailable_candidate,False,False,False
003816.XSHE,2020-09-30,utilities_electricity,v5j_pre2021_infra_original_cashflow_panel\current\pdf\003816_XSHE_2020-09-30.pdf,genuine_disclosure_unavailable_candidate,False,False,False
600011.XSHG,2019-12-31,utilities_electricity,v5j_pre2021_infra_original_cashflow_panel\current\pdf\600011_XSHG_2019-12-31.pdf,needs_original_table_layout_review,False,False,False
600011.XSHG,2020-03-31,utilities_electricity,v5j_pre2021_infra_original_cashflow_panel\current\pdf\600011_XSHG_2020-03-31.pdf,needs_original_table_layout_review,False,False,False
600011.XSHG,2020-09-30,utilities_electricity,v5j_pre2021_infra_original_cashflow_panel\current\pdf\600011_XSHG_2020-09-30.pdf,needs_original_table_layout_review,False,False,False
600017.XSHG,2020-03-31,port_rail_infrastructure,v5j_pre2021_infra_original_cashflow_panel\current\pdf\600017_XSHG_2020-03-31.pdf,genuine_disclosure_unavailable_candidate,False,False,False
600018.XSHG,2020-03-31,port_rail_infrastructure,v5j_pre2021_infra_original_cashflow_panel\current\pdf\600018_XSHG_2020-03-31.pdf,genuine_disclosure_unavailable_candidate,False,False,False
600018.XSHG,2020-09-30,port_rail_infrastructure,v5j_pre2021_infra_original_cashflow_panel\current\pdf\600018_XSHG_2020-09-30.pdf,genuine_disclosure_unavailable_candidate,False,False,False
600020.XSHG,2013-03-31,highway_infrastructure,v5j_pre2021_infra_original_cashflow_panel\current\pdf\600020_XSHG_2013-03-31.pdf,genuine_disclosure_unavailable_candidate,False,False,False
600020.XSHG,2013-06-30,highway_infrastructure,v5j_pre2021_infra_original_cashflow_panel\current\pdf\600020_XSHG_2013-06-30.pdf,genuine_disclosure_unavailable_candidate,False,False,False
600020.XSHG,2013-09-30,highway_infrastructure,v5j_pre2021_infra_original_cashflow_panel\current\pdf\600020_XSHG_2013-09-30.pdf,genuine_disclosure_unavailable_candidate,False,False,False
600020.XSHG,2014-03-31,highway_infrastructure,v5j_pre2021_infra_original_cashflow_panel\current\pdf\600020_XSHG_2014-03-31.pdf,genuine_disclosure_unavailable_candidate,False,False,False
600020.XSHG,2014-06-30,highway_infrastructure,v5j_pre2021_infra_original_cashflow_panel\current\pdf\600020_XSHG_2014-06-30.pdf,genuine_disclosure_unavailable_candidate,False,False,False
600021.XSHG,2020-03-31,utilities_electricity,v5j_pre2021_infra_original_cashflow_panel\current\pdf\600021_XSHG_2020-03-31.pdf,genuine_disclosure_unavailable_candidate,False,False,False
600021.XSHG,2020-09-30,utilities_electricity,v5j_pre2021_infra_original_cashflow_panel\current\pdf\600021_XSHG_2020-09-30.pdf,genuine_disclosure_unavailable_candidate,False,False,False
600023.XSHG,2014-03-31,utilities_electricity,v5j_pre2021_infra_original_cashflow_panel\current\pdf\600023_XSHG_2014-03-31.pdf,needs_ocr_source_review,False,False,False
600023.XSHG,2020-03-31,utilities_electricity,v5j_pre2021_infra_original_cashflow_panel\current\pdf\600023_XSHG_2020-03-31.pdf,needs_original_table_layout_review,False,False,False
600023.XSHG,2020-09-30,utilities_electricity,v5j_pre2021_infra_original_cashflow_panel\current\pdf\600023_XSHG_2020-09-30.pdf,genuine_disclosure_unavailable_candidate,False,False,False
600025.XSHG,2020-03-31,utilities_electricity,v5j_pre2021_infra_original_cashflow_panel\current\pdf\600025_XSHG_2020-03-31.pdf,needs_original_table_layout_review,False,False,False
600025.XSHG,2020-09-30,utilities_electricity,v5j_pre2021_infra_original_cashflow_panel\current\pdf\600025_XSHG_2020-09-30.pdf,needs_original_table_layout_review,False,False,False
600027.XSHG,2020-03-31,utilities_electricity,v5j_pre2021_infra_original_cashflow_panel\current\pdf\600027_XSHG_2020-03-31.pdf,needs_original_table_layout_review,False,False,False
600027.XSHG,2020-09-30,utilities_electricity,v5j_pre2021_infra_original_cashflow_panel\current\pdf\600027_XSHG_2020-09-30.pdf,genuine_disclosure_unavailable_candidate,False,False,False
600033.XSHG,2013-03-31,highway_infrastructure,v5j_pre2021_infra_original_cashflow_panel\current\pdf\600033_XSHG_2013-03-31.pdf,needs_ocr_source_review,False,False,False
600035.XSHG,2015-03-31,highway_infrastructure,v5j_pre2021_infra_original_cashflow_panel\current\pdf\600035_XSHG_2015-03-31.pdf,needs_ocr_source_review,False,False,False
600098.XSHG,2020-03-31,utilities_electricity,v5j_pre2021_infra_original_cashflow_panel\current\pdf\600098_XSHG_2020-03-31.pdf,genuine_disclosure_unavailable_candidate,False,False,False
600101.XSHG,2020-03-31,utilities_electricity,v5j_pre2021_infra_original_cashflow_panel\current\pdf\600101_XSHG_2020-03-31.pdf,genuine_disclosure_unavailable_candidate,False,False,False
600106.XSHG,2020-03-31,highway_infrastructure,v5j_pre2021_infra_original_cashflow_panel\current\pdf\600106_XSHG_2020-03-31.pdf,needs_original_table_layout_review,False,False,False
600106.XSHG,2020-09-30,highway_infrastructure,v5j_pre2021_infra_original_cashflow_panel\current\pdf\600106_XSHG_2020-09-30.pdf,needs_original_table_layout_review,False,False,False
600116.XSHG,2020-03-31,utilities_electricity,v5j_pre2021_infra_original_cashflow_panel\current\pdf\600116_XSHG_2020-03-31.pdf,needs_original_table_layout_review,False,False,False
600125.XSHG,2020-03-31,port_rail_infrastructure,v5j_pre2021_infra_original_cashflow_panel\current\pdf\600125_XSHG_2020-03-31.pdf,genuine_disclosure_unavailable_candidate,False,False,False
600157.XSHG,2020-03-31,utilities_electricity,v5j_pre2021_infra_original_cashflow_panel\current\pdf\600157_XSHG_2020-03-31.pdf,needs_original_table_layout_review,False,False,False
600163.XSHG,2020-09-30,utilities_electricity,v5j_pre2021_infra_original_cashflow_panel\current\pdf\600163_XSHG_2020-09-30.pdf,genuine_disclosure_unavailable_candidate,False,False,False
600167.XSHG,2013-03-31,utilities_electricity,v5j_pre2021_infra_original_cashflow_panel\current\pdf\600167_XSHG_2013-03-31.pdf,needs_original_table_layout_review,False,False,False
600167.XSHG,2017-03-31,utilities_electricity,v5j_pre2021_infra_original_cashflow_panel\current\pdf\600167_XSHG_2017-03-31.pdf,needs_original_table_layout_review,False,False,False
600167.XSHG,2017-06-30,utilities_electricity,v5j_pre2021_infra_original_cashflow_panel\current\pdf\600167_XSHG_2017-06-30.pdf,needs_original_table_layout_review,False,False,False
600167.XSHG,2020-03-31,utilities_electricity,v5j_pre2021_infra_original_cashflow_panel\current\pdf\600167_XSHG_2020-03-31.pdf,needs_original_table_layout_review,False,False,False
600167.XSHG,2020-09-30,utilities_electricity,v5j_pre2021_infra_original_cashflow_panel\current\pdf\600167_XSHG_2020-09-30.pdf,needs_original_table_layout_review,False,False,False
600310.XSHG,2020-03-31,utilities_electricity,v5j_pre2021_infra_original_cashflow_panel\current\pdf\600310_XSHG_2020-03-31.pdf,needs_original_table_layout_review,False,False,False
600310.XSHG,2020-09-30,utilities_electricity,v5j_pre2021_infra_original_cashflow_panel\current\pdf\600310_XSHG_2020-09-30.pdf,needs_original_table_layout_review,False,False,False
600317.XSHG,2020-09-30,port_rail_infrastructure,v5j_pre2021_infra_original_cashflow_panel\current\pdf\600317_XSHG_2020-09-30.pdf,genuine_disclosure_unavailable_candidate,False,False,False
600350.XSHG,2020-09-30,highway_infrastructure,v5j_pre2021_infra_original_cashflow_panel\current\pdf\600350_XSHG_2020-09-30.pdf,needs_original_table_layout_review,False,False,False
600368.XSHG,2018-03-31,highway_infrastructure,v5j_pre2021_infra_original_cashflow_panel\current\pdf\600368_XSHG_2018-03-31.pdf,needs_original_table_layout_review,False,False,False
600368.XSHG,2020-09-30,highway_infrastructure,v5j_pre2021_infra_original_cashflow_panel\current\pdf\600368_XSHG_2020-09-30.pdf,needs_original_table_layout_review,False,False,False
600377.XSHG,2013-12-31,highway_infrastructure,v5j_pre2021_infra_original_cashflow_panel\current\pdf\600377_XSHG_2013-12-31.pdf,genuine_disclosure_unavailable_candidate,False,False,False
600377.XSHG,2020-09-30,highway_infrastructure,v5j_pre2021_infra_original_cashflow_panel\current\pdf\600377_XSHG_2020-09-30.pdf,needs_original_table_layout_review,False,False,False
600428.XSHG,2014-06-30,port_rail_infrastructure,v5j_pre2021_infra_original_cashflow_panel\current\pdf\600428_XSHG_2014-06-30.pdf,genuine_disclosure_unavailable_candidate,False,False,False
600428.XSHG,2015-03-31,port_rail_infrastructure,v5j_pre2021_infra_original_cashflow_panel\current\pdf\600428_XSHG_2015-03-31.pdf,needs_ocr_source_review,False,False,False
600428.XSHG,2016-09-30,port_rail_infrastructure,v5j_pre2021_infra_original_cashflow_panel\current\pdf\600428_XSHG_2016-09-30.pdf,needs_ocr_source_review,False,False,False
600428.XSHG,2016-12-31,port_rail_infrastructure,v5j_pre2021_infra_original_cashflow_panel\current\pdf\600428_XSHG_2016-12-31.pdf,genuine_disclosure_unavailable_candidate,False,False,False
600428.XSHG,2020-03-31,port_rail_infrastructure,v5j_pre2021_infra_original_cashflow_panel\current\pdf\600428_XSHG_2020-03-31.pdf,genuine_disclosure_unavailable_candidate,False,False,False
600428.XSHG,2020-09-30,port_rail_infrastructure,v5j_pre2021_infra_original_cashflow_panel\current\pdf\600428_XSHG_2020-09-30.pdf,genuine_disclosure_unavailable_candidate,False,False,False
600505.XSHG,2020-03-31,utilities_electricity,v5j_pre2021_infra_original_cashflow_panel\current\pdf\600505_XSHG_2020-03-31.pdf,needs_original_table_layout_review,False,False,False
600505.XSHG,2020-09-30,utilities_electricity,v5j_pre2021_infra_original_cashflow_panel\current\pdf\600505_XSHG_2020-09-30.pdf,needs_original_table_layout_review,False,False,False
600548.XSHG,2020-03-31,highway_infrastructure,v5j_pre2021_infra_original_cashflow_panel\current\pdf\600548_XSHG_2020-03-31.pdf,genuine_disclosure_unavailable_candidate,False,False,False
600561.XSHG,2020-03-31,highway_infrastructure,v5j_pre2021_infra_original_cashflow_panel\current\pdf\600561_XSHG_2020-03-31.pdf,genuine_disclosure_unavailable_candidate,False,False,False
600561.XSHG,2020-09-30,highway_infrastructure,v5j_pre2021_infra_original_cashflow_panel\current\pdf\600561_XSHG_2020-09-30.pdf,genuine_disclosure_unavailable_candidate,False,False,False
600575.XSHG,2020-09-30,port_rail_infrastructure,v5j_pre2021_infra_original_cashflow_panel\current\pdf\600575_XSHG_2020-09-30.pdf,genuine_disclosure_unavailable_candidate,False,False,False
600611.XSHG,2020-03-31,highway_infrastructure,v5j_pre2021_infra_original_cashflow_panel\current\pdf\600611_XSHG_2020-03-31.pdf,needs_original_table_layout_review,False,False,False
600611.XSHG,2020-09-30,highway_infrastructure,v5j_pre2021_infra_original_cashflow_panel\current\pdf\600611_XSHG_2020-09-30.pdf,needs_original_table_layout_review,False,False,False
600644.XSHG,2013-03-31,utilities_electricity,v5j_pre2021_infra_original_cashflow_panel\current\pdf\600644_XSHG_2013-03-31.pdf,genuine_disclosure_unavailable_candidate,False,False,False
600644.XSHG,2020-03-31,utilities_electricity,v5j_pre2021_infra_original_cashflow_panel\current\pdf\600644_XSHG_2020-03-31.pdf,genuine_disclosure_unavailable_candidate,False,False,False
600644.XSHG,2020-09-30,utilities_electricity,v5j_pre2021_infra_original_cashflow_panel\current\pdf\600644_XSHG_2020-09-30.pdf,needs_original_table_layout_review,False,False,False
600650.XSHG,2016-06-30,highway_infrastructure,v5j_pre2021_infra_original_cashflow_panel\current\pdf\600650_XSHG_2016-06-30.pdf,needs_original_table_layout_review,False,False,False
600650.XSHG,2016-09-30,highway_infrastructure,v5j_pre2021_infra_original_cashflow_panel\current\pdf\600650_XSHG_2016-09-30.pdf,needs_original_table_layout_review,False,False,False
600650.XSHG,2016-12-31,highway_infrastructure,v5j_pre2021_infra_original_cashflow_panel\current\pdf\600650_XSHG_2016-12-31.pdf,needs_original_table_layout_review,False,False,False
600650.XSHG,2017-09-30,highway_infrastructure,v5j_pre2021_infra_original_cashflow_panel\current\pdf\600650_XSHG_2017-09-30.pdf,needs_original_table_layout_review,False,False,False
600650.XSHG,2017-12-31,highway_infrastructure,v5j_pre2021_infra_original_cashflow_panel\current\pdf\600650_XSHG_2017-12-31.pdf,needs_original_table_layout_review,False,False,False
600650.XSHG,2018-03-31,highway_infrastructure,v5j_pre2021_infra_original_cashflow_panel\current\pdf\600650_XSHG_2018-03-31.pdf,needs_original_table_layout_review,False,False,False
600650.XSHG,2018-06-30,highway_infrastructure,v5j_pre2021_infra_original_cashflow_panel\current\pdf\600650_XSHG_2018-06-30.pdf,needs_original_table_layout_review,False,False,False
600650.XSHG,2018-09-30,highway_infrastructure,v5j_pre2021_infra_original_cashflow_panel\current\pdf\600650_XSHG_2018-09-30.pdf,needs_original_table_layout_review,False,False,False
600650.XSHG,2020-03-31,highway_infrastructure,v5j_pre2021_infra_original_cashflow_panel\current\pdf\600650_XSHG_2020-03-31.pdf,genuine_disclosure_unavailable_candidate,False,False,False
600650.XSHG,2020-09-30,highway_infrastructure,v5j_pre2021_infra_original_cashflow_panel\current\pdf\600650_XSHG_2020-09-30.pdf,needs_original_table_layout_review,False,False,False
600662.XSHG,2014-03-31,highway_infrastructure,v5j_pre2021_infra_original_cashflow_panel\current\pdf\600662_XSHG_2014-03-31.pdf,needs_original_table_layout_review,False,False,False
600662.XSHG,2020-03-31,highway_infrastructure,v5j_pre2021_infra_original_cashflow_panel\current\pdf\600662_XSHG_2020-03-31.pdf,needs_original_table_layout_review,False,False,False
600662.XSHG,2020-09-30,highway_infrastructure,v5j_pre2021_infra_original_cashflow_panel\current\pdf\600662_XSHG_2020-09-30.pdf,needs_original_table_layout_review,False,False,False
600674.XSHG,2014-03-31,utilities_electricity,v5j_pre2021_infra_original_cashflow_panel\current\pdf\600674_XSHG_2014-03-31.pdf,genuine_disclosure_unavailable_candidate,False,False,False
600674.XSHG,2014-06-30,utilities_electricity,v5j_pre2021_infra_original_cashflow_panel\current\pdf\600674_XSHG_2014-06-30.pdf,genuine_disclosure_unavailable_candidate,False,False,False
600674.XSHG,2016-03-31,utilities_electricity,v5j_pre2021_infra_original_cashflow_panel\current\pdf\600674_XSHG_2016-03-31.pdf,needs_original_table_layout_review,False,False,False
600674.XSHG,2017-03-31,utilities_electricity,v5j_pre2021_infra_original_cashflow_panel\current\pdf\600674_XSHG_2017-03-31.pdf,needs_original_table_layout_review,False,False,False
600674.XSHG,2020-03-31,utilities_electricity,v5j_pre2021_infra_original_cashflow_panel\current\pdf\600674_XSHG_2020-03-31.pdf,genuine_disclosure_unavailable_candidate,False,False,False
600674.XSHG,2020-09-30,utilities_electricity,v5j_pre2021_infra_original_cashflow_panel\current\pdf\600674_XSHG_2020-09-30.pdf,genuine_disclosure_unavailable_candidate,False,False,False
600676.XSHG,2012-12-31,highway_infrastructure,v5j_pre2021_infra_original_cashflow_panel\current\pdf\600676_XSHG_2012-12-31.pdf,genuine_disclosure_unavailable_candidate,False,False,False
600676.XSHG,2013-06-30,highway_infrastructure,v5j_pre2021_infra_original_cashflow_panel\current\pdf\600676_XSHG_2013-06-30.pdf,genuine_disclosure_unavailable_candidate,False,False,False
600676.XSHG,2013-09-30,highway_infrastructure,v5j_pre2021_infra_original_cashflow_panel\current\pdf\600676_XSHG_2013-09-30.pdf,genuine_disclosure_unavailable_candidate,False,False,False
600676.XSHG,2013-12-31,highway_infrastructure,v5j_pre2021_infra_original_cashflow_panel\current\pdf\600676_XSHG_2013-12-31.pdf,genuine_disclosure_unavailable_candidate,False,False,False
600676.XSHG,2014-03-31,highway_infrastructure,v5j_pre2021_infra_original_cashflow_panel\current\pdf\600676_XSHG_2014-03-31.pdf,needs_original_table_layout_review,False,False,False
600676.XSHG,2014-06-30,highway_infrastructure,v5j_pre2021_infra_original_cashflow_panel\current\pdf\600676_XSHG_2014-06-30.pdf,genuine_disclosure_unavailable_candidate,False,False,False
600676.XSHG,2020-03-31,highway_infrastructure,v5j_pre2021_infra_original_cashflow_panel\current\pdf\600676_XSHG_2020-03-31.pdf,needs_original_table_layout_review,False,False,False
600676.XSHG,2020-09-30,highway_infrastructure,v5j_pre2021_infra_original_cashflow_panel\current\pdf\600676_XSHG_2020-09-30.pdf,needs_original_table_layout_review,False,False,False
600692.XSHG,2016-03-31,port_rail_infrastructure,v5j_pre2021_infra_original_cashflow_panel\current\pdf\600692_XSHG_2016-03-31.pdf,needs_original_table_layout_review,False,False,False
600708.XSHG,2012-09-30,highway_infrastructure,v5j_pre2021_infra_original_cashflow_panel\current\pdf\600708_XSHG_2012-09-30.pdf,needs_original_table_layout_review,False,False,False
600708.XSHG,2013-03-31,highway_infrastructure,v5j_pre2021_infra_original_cashflow_panel\current\pdf\600708_XSHG_2013-03-31.pdf,needs_ocr_source_review,False,False,False
600717.XSHG,2019-03-31,port_rail_infrastructure,v5j_pre2021_infra_original_cashflow_panel\current\pdf\600717_XSHG_2019-03-31.pdf,needs_original_table_layout_review,False,False,False
600717.XSHG,2020-03-31,port_rail_infrastructure,v5j_pre2021_infra_original_cashflow_panel\current\pdf\600717_XSHG_2020-03-31.pdf,genuine_disclosure_unavailable_candidate,False,False,False
600717.XSHG,2020-09-30,port_rail_infrastructure,v5j_pre2021_infra_original_cashflow_panel\current\pdf\600717_XSHG_2020-09-30.pdf,genuine_disclosure_unavailable_candidate,False,False,False
600719.XSHG,2020-03-31,utilities_electricity,v5j_pre2021_infra_original_cashflow_panel\current\pdf\600719_XSHG_2020-03-31.pdf,genuine_disclosure_unavailable_candidate,False,False,False
600719.XSHG,2020-09-30,utilities_electricity,v5j_pre2021_infra_original_cashflow_panel\current\pdf\600719_XSHG_2020-09-30.pdf,genuine_disclosure_unavailable_candidate,False,False,False
600726.XSHG,2020-03-31,utilities_electricity,v5j_pre2021_infra_original_cashflow_panel\current\pdf\600726_XSHG_2020-03-31.pdf,genuine_disclosure_unavailable_candidate,False,False,False
600751.XSHG,2013-03-31,port_rail_infrastructure,v5j_pre2021_infra_original_cashflow_panel\current\pdf\600751_XSHG_2013-03-31.pdf,needs_original_table_layout_review,False,False,False
600780.XSHG,2020-03-31,utilities_electricity,v5j_pre2021_infra_original_cashflow_panel\current\pdf\600780_XSHG_2020-03-31.pdf,needs_original_table_layout_review,False,False,False
600795.XSHG,2020-03-31,utilities_electricity,v5j_pre2021_infra_original_cashflow_panel\current\pdf\600795_XSHG_2020-03-31.pdf,genuine_disclosure_unavailable_candidate,False,False,False
600798.XSHG,2013-06-30,port_rail_infrastructure,v5j_pre2021_infra_original_cashflow_panel\current\pdf\600798_XSHG_2013-06-30.pdf,needs_original_table_layout_review,False,False,False
600798.XSHG,2020-03-31,port_rail_infrastructure,v5j_pre2021_infra_original_cashflow_panel\current\pdf\600798_XSHG_2020-03-31.pdf,genuine_disclosure_unavailable_candidate,False,False,False
600798.XSHG,2020-09-30,port_rail_infrastructure,v5j_pre2021_infra_original_cashflow_panel\current\pdf\600798_XSHG_2020-09-30.pdf,genuine_disclosure_unavailable_candidate,False,False,False
600863.XSHG,2020-03-31,utilities_electricity,v5j_pre2021_infra_original_cashflow_panel\current\pdf\600863_XSHG_2020-03-31.pdf,needs_original_table_layout_review,False,False,False
600863.XSHG,2020-09-30,utilities_electricity,v5j_pre2021_infra_original_cashflow_panel\current\pdf\600863_XSHG_2020-09-30.pdf,needs_original_table_layout_review,False,False,False
600886.XSHG,2020-03-31,utilities_electricity,v5j_pre2021_infra_original_cashflow_panel\current\pdf\600886_XSHG_2020-03-31.pdf,needs_original_table_layout_review,False,False,False
600886.XSHG,2020-09-30,utilities_electricity,v5j_pre2021_infra_original_cashflow_panel\current\pdf\600886_XSHG_2020-09-30.pdf,genuine_disclosure_unavailable_candidate,False,False,False
600900.XSHG,2020-03-31,utilities_electricity,v5j_pre2021_infra_original_cashflow_panel\current\pdf\600900_XSHG_2020-03-31.pdf,genuine_disclosure_unavailable_candidate,False,False,False
600900.XSHG,2020-09-30,utilities_electricity,v5j_pre2021_infra_original_cashflow_panel\current\pdf\600900_XSHG_2020-09-30.pdf,genuine_disclosure_unavailable_candidate,False,False,False
600979.XSHG,2020-03-31,utilities_electricity,v5j_pre2021_infra_original_cashflow_panel\current\pdf\600979_XSHG_2020-03-31.pdf,genuine_disclosure_unavailable_candidate,False,False,False
600982.XSHG,2013-03-31,utilities_electricity,v5j_pre2021_infra_original_cashflow_panel\current\pdf\600982_XSHG_2013-03-31.pdf,needs_ocr_source_review,False,False,False
600982.XSHG,2013-06-30,utilities_electricity,v5j_pre2021_infra_original_cashflow_panel\current\pdf\600982_XSHG_2013-06-30.pdf,genuine_disclosure_unavailable_candidate,False,False,False
600982.XSHG,2013-09-30,utilities_electricity,v5j_pre2021_infra_original_cashflow_panel\current\pdf\600982_XSHG_2013-09-30.pdf,needs_ocr_source_review,False,False,False
600982.XSHG,2014-03-31,utilities_electricity,v5j_pre2021_infra_original_cashflow_panel\current\pdf\600982_XSHG_2014-03-31.pdf,needs_ocr_source_review,False,False,False
600982.XSHG,2015-03-31,utilities_electricity,v5j_pre2021_infra_original_cashflow_panel\current\pdf\600982_XSHG_2015-03-31.pdf,needs_ocr_source_review,False,False,False
600982.XSHG,2015-06-30,utilities_electricity,v5j_pre2021_infra_original_cashflow_panel\current\pdf\600982_XSHG_2015-06-30.pdf,needs_ocr_source_review,False,False,False
600982.XSHG,2016-03-31,utilities_electricity,v5j_pre2021_infra_original_cashflow_panel\current\pdf\600982_XSHG_2016-03-31.pdf,needs_ocr_source_review,False,False,False
600982.XSHG,2016-06-30,utilities_electricity,v5j_pre2021_infra_original_cashflow_panel\current\pdf\600982_XSHG_2016-06-30.pdf,needs_ocr_source_review,False,False,False
600982.XSHG,2020-09-30,utilities_electricity,v5j_pre2021_infra_original_cashflow_panel\current\pdf\600982_XSHG_2020-09-30.pdf,genuine_disclosure_unavailable_candidate,False,False,False
600995.XSHG,2020-09-30,utilities_electricity,v5j_pre2021_infra_original_cashflow_panel\current\pdf\600995_XSHG_2020-09-30.pdf,needs_original_table_layout_review,False,False,False
601006.XSHG,2013-09-30,port_rail_infrastructure,v5j_pre2021_infra_original_cashflow_panel\current\pdf\601006_XSHG_2013-09-30.pdf,genuine_disclosure_unavailable_candidate,False,False,False
601006.XSHG,2014-03-31,port_rail_infrastructure,v5j_pre2021_infra_original_cashflow_panel\current\pdf\601006_XSHG_2014-03-31.pdf,needs_original_table_layout_review,False,False,False
601008.XSHG,2020-03-31,port_rail_infrastructure,v5j_pre2021_infra_original_cashflow_panel\current\pdf\601008_XSHG_2020-03-31.pdf,genuine_disclosure_unavailable_candidate,False,False,False
601008.XSHG,2020-09-30,port_rail_infrastructure,v5j_pre2021_infra_original_cashflow_panel\current\pdf\601008_XSHG_2020-09-30.pdf,genuine_disclosure_unavailable_candidate,False,False,False
601016.XSHG,2020-12-31,utilities_electricity,v5j_pre2021_infra_original_cashflow_panel\current\pdf\601016_XSHG_2020-12-31.pdf,needs_original_table_layout_review,False,False,False
601018.XSHG,2020-03-31,port_rail_infrastructure,v5j_pre2021_infra_original_cashflow_panel\current\pdf\601018_XSHG_2020-03-31.pdf,genuine_disclosure_unavailable_candidate,False,False,False
601107.XSHG,2020-03-31,highway_infrastructure,v5j_pre2021_infra_original_cashflow_panel\current\pdf\601107_XSHG_2020-03-31.pdf,genuine_disclosure_unavailable_candidate,False,False,False
601188.XSHG,2020-03-31,highway_infrastructure,v5j_pre2021_infra_original_cashflow_panel\current\pdf\601188_XSHG_2020-03-31.pdf,needs_original_table_layout_review,False,False,False
601228.XSHG,2020-09-30,port_rail_infrastructure,v5j_pre2021_infra_original_cashflow_panel\current\pdf\601228_XSHG_2020-09-30.pdf,needs_original_table_layout_review,False,False,False
601298.XSHG,2020-09-30,port_rail_infrastructure,v5j_pre2021_infra_original_cashflow_panel\current\pdf\601298_XSHG_2020-09-30.pdf,needs_original_table_layout_review,False,False,False
601326.XSHG,2020-03-31,port_rail_infrastructure,v5j_pre2021_infra_original_cashflow_panel\current\pdf\601326_XSHG_2020-03-31.pdf,needs_original_table_layout_review,False,False,False
601326.XSHG,2020-09-30,port_rail_infrastructure,v5j_pre2021_infra_original_cashflow_panel\current\pdf\601326_XSHG_2020-09-30.pdf,needs_original_table_layout_review,False,False,False
601333.XSHG,2013-06-30,port_rail_infrastructure,v5j_pre2021_infra_original_cashflow_panel\current\pdf\601333_XSHG_2013-06-30.pdf,needs_original_table_layout_review,False,False,False
601333.XSHG,2013-12-31,port_rail_infrastructure,v5j_pre2021_infra_original_cashflow_panel\current\pdf\601333_XSHG_2013-12-31.pdf,needs_original_table_layout_review,False,False,False
601333.XSHG,2014-06-30,port_rail_infrastructure,v5j_pre2021_infra_original_cashflow_panel\current\pdf\601333_XSHG_2014-06-30.pdf,needs_original_table_layout_review,False,False,False
601333.XSHG,2020-03-31,port_rail_infrastructure,v5j_pre2021_infra_original_cashflow_panel\current\pdf\601333_XSHG_2020-03-31.pdf,genuine_disclosure_unavailable_candidate,False,False,False
601333.XSHG,2020-09-30,port_rail_infrastructure,v5j_pre2021_infra_original_cashflow_panel\current\pdf\601333_XSHG_2020-09-30.pdf,genuine_disclosure_unavailable_candidate,False,False,False
601518.XSHG,2020-03-31,highway_infrastructure,v5j_pre2021_infra_original_cashflow_panel\current\pdf\601518_XSHG_2020-03-31.pdf,needs_original_table_layout_review,False,False,False
601518.XSHG,2020-09-30,highway_infrastructure,v5j_pre2021_infra_original_cashflow_panel\current\pdf\601518_XSHG_2020-09-30.pdf,needs_original_table_layout_review,False,False,False
601619.XSHG,2020-03-31,utilities_electricity,v5j_pre2021_infra_original_cashflow_panel\current\pdf\601619_XSHG_2020-03-31.pdf,genuine_disclosure_unavailable_candidate,False,False,False
601619.XSHG,2020-09-30,utilities_electricity,v5j_pre2021_infra_original_cashflow_panel\current\pdf\601619_XSHG_2020-09-30.pdf,needs_original_table_layout_review,False,False,False
601778.XSHG,2020-09-30,utilities_electricity,v5j_pre2021_infra_original_cashflow_panel\current\pdf\601778_XSHG_2020-09-30.pdf,needs_original_table_layout_review,False,False,False
601866.XSHG,2020-03-31,port_rail_infrastructure,v5j_pre2021_infra_original_cashflow_panel\current\pdf\601866_XSHG_2020-03-31.pdf,needs_original_table_layout_review,False,False,False
601872.XSHG,2020-03-31,port_rail_infrastructure,v5j_pre2021_infra_original_cashflow_panel\current\pdf\601872_XSHG_2020-03-31.pdf,genuine_disclosure_unavailable_candidate,False,False,False
601880.XSHG,2014-03-31,port_rail_infrastructure,v5j_pre2021_infra_original_cashflow_panel\current\pdf\601880_XSHG_2014-03-31.pdf,needs_ocr_source_review,False,False,False
601880.XSHG,2020-09-30,port_rail_infrastructure,v5j_pre2021_infra_original_cashflow_panel\current\pdf\601880_XSHG_2020-09-30.pdf,genuine_disclosure_unavailable_candidate,False,False,False
601919.XSHG,2020-03-31,port_rail_infrastructure,v5j_pre2021_infra_original_cashflow_panel\current\pdf\601919_XSHG_2020-03-31.pdf,needs_original_table_layout_review,False,False,False
601919.XSHG,2020-09-30,port_rail_infrastructure,v5j_pre2021_infra_original_cashflow_panel\current\pdf\601919_XSHG_2020-09-30.pdf,genuine_disclosure_unavailable_candidate,False,False,False
601975.XSHG,2020-03-31,port_rail_infrastructure,v5j_pre2021_infra_original_cashflow_panel\current\pdf\601975_XSHG_2020-03-31.pdf,genuine_disclosure_unavailable_candidate,False,False,False
601975.XSHG,2020-09-30,port_rail_infrastructure,v5j_pre2021_infra_original_cashflow_panel\current\pdf\601975_XSHG_2020-09-30.pdf,genuine_disclosure_unavailable_candidate,False,False,False
601985.XSHG,2020-03-31,utilities_electricity,v5j_pre2021_infra_original_cashflow_panel\current\pdf\601985_XSHG_2020-03-31.pdf,genuine_disclosure_unavailable_candidate,False,False,False
601991.XSHG,2020-03-31,utilities_electricity,v5j_pre2021_infra_original_cashflow_panel\current\pdf\601991_XSHG_2020-03-31.pdf,needs_original_table_layout_review,False,False,False
603032.XSHG,2020-09-30,highway_infrastructure,v5j_pre2021_infra_original_cashflow_panel\current\pdf\603032_XSHG_2020-09-30.pdf,genuine_disclosure_unavailable_candidate,False,False,False
603069.XSHG,2016-09-30,highway_infrastructure,v5j_pre2021_infra_original_cashflow_panel\current\pdf\603069_XSHG_2016-09-30.pdf,needs_original_table_layout_review,False,False,False
603069.XSHG,2020-03-31,highway_infrastructure,v5j_pre2021_infra_original_cashflow_panel\current\pdf\603069_XSHG_2020-03-31.pdf,needs_original_table_layout_review,False,False,False
603069.XSHG,2020-09-30,highway_infrastructure,v5j_pre2021_infra_original_cashflow_panel\current\pdf\603069_XSHG_2020-09-30.pdf,needs_original_table_layout_review,False,False,False
603167.XSHG,2020-03-31,port_rail_infrastructure,v5j_pre2021_infra_original_cashflow_panel\current\pdf\603167_XSHG_2020-03-31.pdf,genuine_disclosure_unavailable_candidate,False,False,False
603167.XSHG,2020-09-30,port_rail_infrastructure,v5j_pre2021_infra_original_cashflow_panel\current\pdf\603167_XSHG_2020-09-30.pdf,needs_original_table_layout_review,False,False,False
603223.XSHG,2020-03-31,highway_infrastructure,v5j_pre2021_infra_original_cashflow_panel\current\pdf\603223_XSHG_2020-03-31.pdf,needs_original_table_layout_review,False,False,False
603565.XSHG,2020-09-30,port_rail_infrastructure,v5j_pre2021_infra_original_cashflow_panel\current\pdf\603565_XSHG_2020-09-30.pdf,genuine_disclosure_unavailable_candidate,False,False,False
