report_id,path,research_question,comparison_objects
01,reports/01_repaired_baseline_and_core_sleeves.md,repaired baseline and core sleeves,v57f_startup_preload_repaired_baseline;bank;utilities;highway;port_rail
02,reports/02_enhanced_etf_assembly_and_noncore_boundary.md,enhanced ETF assembly and non-core boundary,v57f;gas_water;telecom;home_appliances;oil_gas
03,reports/03_defense_risk_budget_and_state_observation.md,"defense, risk budget, and state observation",v57f;erc;risk_budget;state
04,reports/04_execution_governance_and_realistic_cost_boundary.md,execution governance and realistic cost boundary,v57f;v5d;execution;order
05,reports/05_exit_cash_policy_and_profit_lock_closeout.md,"exit, cash policy, and profit-lock closeout",v57f;v5e;cash_proxy;profit_lock
06,reports/06_weight_governance_momentum_mean_reversion_to_primary_candidate.md,weight governance from momentum and mean reversion to primary candidate,v57f_startup_preload_repaired_baseline;internal_subsleeve_mom12_70_30;momentum;mean_reversion
07,reports/07_execution_buy_sell_technical_research_closeout.md,buy/sell technical execution research closeout,v5h;v5i;v5j;technical
08,reports/08_evidence_quality_pit_qmt_cash_and_forward_boundary.md,"PIT, QMT, cash, and forward evidence boundary",v5m;strict_cash;qmt_contract;forward
09,reports/09_overall_report_readiness_and_open_questions.md,overall report readiness and open questions,bank_high_dividend_sustainability_v3;bank_value_15y;bank_value_quality_v2;coal_cashflow_cycle_value_v52b;coal_cashflow_cycle_value_v52b_capex_policy;dividend_low_vol_ocf_enhanced_etf_v57;dividend_low_vol_sector_adaptive_etf_v57b;dividend_low_vol_sector_neutral_equal_sleeve_etf_v57e;dividend_low_vol_sector_neutral_etf_v57c;dividend_low_vol_sector_neutral_etf_v57d;gas_water_v57b_text_debt_state_guard_v59b;gas_water_value_serviceability_v57b;highway_dividend_reviewed_operating_v54g;highway_dividend_reviewed_operating_v54h_repaired_2021;home_appliances_ocf_quality_v5a5c;insurance_low_pb_only_v53c;insurance_pev_value_v53g;internal_subsleeve_mom12_70_30;oil_gas_state_conditioned_ocf_v58g;port_rail_cashflow_value_operating_diagnostic_v55c;port_rail_cashflow_value_operating_diagnostic_v55g_repaired_2021;port_rail_cashflow_value_operating_diagnostic_v55i_business_purity_gate;port_rail_cashflow_value_operating_diagnostic_v55j_reviewed_business_sources;utilities_demand_state_v51f;v57f_startup_preload_repaired_baseline;v5c_50w_execution_optimization_test;v5c_defense_overlay_exploration;v5c_defense_overlay_formal_validation;v5c_p0_local_data_gate;v5c_risk_budget_overlay_engineering_comparison;v5c_sleeve_weighting_diagnostic;v5c_sleeve_weighting_rigorous_test;v5c_topx_capital_rigorous_test;v5d_l3_intraday_execution_engineering;v5d_minute_execution_robustness;v5d_order_scheduling_engineering_test
