trade_date,code,side,amount,price,value,commission,target_amount,reason
2021-05-06,000429.XSHE,buy,9700,7.31,70907.0,21.2721,9700,
2021-05-06,000755.XSHE,buy,21000,3.37,70770.0,21.230999999999998,21000,
2021-05-06,000900.XSHE,buy,16800,4.23,71064.0,21.3192,16800,
2021-05-06,001872.XSHE,buy,4800,14.71,70608.0,21.182399999999998,4800,
2021-05-06,002039.XSHE,buy,4900,14.31,70119.0,21.0357,4900,
2021-05-06,600011.XSHG,buy,16700,4.25,70975.0,21.292499999999997,16700,
2021-05-06,600017.XSHG,buy,26000,2.73,70980.0,21.293999999999997,26000,
2021-05-06,600018.XSHG,buy,15200,4.65,70680.0,21.203999999999997,15200,
2021-05-06,600027.XSHG,buy,21000,3.38,70980.0,21.293999999999997,21000,
2021-05-06,600033.XSHG,buy,26400,2.69,71016.0,21.304799999999997,26400,
2021-05-06,600035.XSHG,buy,23700,2.99,70863.0,21.258899999999997,23700,
2021-05-06,600106.XSHG,buy,27100,2.62,71002.0,21.3006,27100,
2021-05-06,600168.XSHG,buy,10600,6.65,70490.0,21.147,10600,
2021-05-06,600310.XSHG,buy,17100,4.14,70794.0,21.2382,17100,
2021-05-06,600368.XSHG,buy,19300,3.68,71024.0,21.307199999999998,19300,
2021-05-06,600717.XSHG,buy,14900,4.74,70626.0,21.1878,14900,
2021-05-06,600795.XSHG,buy,31400,2.26,70964.0,21.289199999999997,31400,
2021-05-06,601000.XSHG,buy,26600,2.67,71022.0,21.3066,26600,
2021-05-06,601006.XSHG,buy,10300,6.86,70658.0,21.1974,10300,
2021-05-06,601077.XSHG,buy,17100,4.14,70794.0,21.2382,17100,
2021-05-06,601169.XSHG,buy,14800,4.77,70596.0,21.1788,14800,
2021-05-06,601229.XSHG,buy,8600,8.17,70262.0,21.078599999999998,8600,
2021-05-06,601288.XSHG,buy,22200,3.2,71040.0,21.311999999999998,22200,
2021-05-06,601326.XSHG,buy,26600,2.67,71022.0,21.3066,26600,
2021-05-06,601328.XSHG,buy,14700,4.81,70707.0,21.2121,14700,
2021-05-06,601398.XSHG,buy,13900,5.11,71029.0,21.308699999999998,13900,
2021-05-06,601985.XSHG,buy,13700,5.17,70829.0,21.2487,13700,
2021-05-06,601988.XSHG,buy,21800,3.26,71068.0,21.3204,21800,
2021-07-01,601985.XSHG,sell,13700,5.12,70144.0,21.0432,0,
2021-07-01,600168.XSHG,sell,10600,6.63,70278.0,21.083399999999997,0,
2021-07-01,600027.XSHG,sell,200,3.44,688.0,5.0,20800,
2021-07-01,001872.XSHE,sell,600,16.94,10164.0,5.0,4200,
2021-07-01,002039.XSHE,sell,4900,14.42,70658.0,21.1974,0,
2021-07-01,600018.XSHG,sell,200,4.78,956.0,5.0,15000,
2021-07-01,600106.XSHG,sell,27100,2.52,68292.0,20.487599999999997,0,
2021-07-01,600795.XSHG,sell,2100,2.44,5124.0,5.0,29300,
2021-07-01,601398.XSHG,sell,100,5.17,517.0,5.0,13800,
2021-07-01,601169.XSHG,sell,200,4.88,976.0,5.0,14600,
2021-07-01,601328.XSHG,sell,100,4.91,491.0,5.0,14600,
2021-07-01,600310.XSHG,sell,17100,4.22,72162.0,21.6486,0,
2021-07-01,600717.XSHG,sell,17880,3.92,70089.6,21.02688,0,
2021-07-01,000429.XSHE,buy,200,7.2,1440.0,5.0,9900,
2021-07-01,000543.XSHE,buy,18900,3.79,71631.0,21.489299999999997,18900,
2021-07-01,000755.XSHE,buy,500,3.33,1665.0,5.0,21500,
2021-07-01,000900.XSHE,buy,700,4.09,2863.0,5.0,17500,
2021-07-01,002267.XSHE,buy,10400,6.85,71240.0,21.372,10400,
2021-07-01,003816.XSHE,buy,26700,2.68,71556.0,21.4668,26700,
2021-07-01,600011.XSHG,buy,300,4.21,1263.0,5.0,17000,
2021-07-01,600017.XSHG,buy,900,2.66,2394.0,5.0,26900,
2021-07-01,600033.XSHG,buy,800,2.63,2104.0,5.0,27200,
2021-07-01,600035.XSHG,buy,100,3.01,301.0,5.0,23800,
2021-07-01,600350.XSHG,buy,11600,6.15,71340.0,21.401999999999997,11600,
2021-07-01,600368.XSHG,buy,1400,3.46,4844.0,5.0,20700,
2021-07-01,601000.XSHG,buy,3100,2.41,7471.0,5.0,29700,
2021-07-01,601006.XSHG,buy,500,6.6,3300.0,5.0,10800,
2021-07-01,601077.XSHG,buy,800,3.99,3192.0,5.0,17900,
2021-07-01,601228.XSHG,buy,22500,3.18,71550.0,21.465,22500,
2021-07-01,601229.XSHG,buy,100,8.23,823.0,5.0,8700,
2021-07-01,601288.XSHG,buy,1300,3.04,3952.0,5.0,23500,
2021-07-01,601326.XSHG,buy,100,2.68,268.0,5.0,26700,
2021-07-01,601988.XSHG,buy,1400,3.08,4312.0,5.0,23200,
2021-07-01,601991.XSHG,buy,27100,2.64,71544.0,21.463199999999997,27100,
2021-10-08,601229.XSHG,sell,8700,7.36,64032.0,19.2096,0,
2021-10-08,003816.XSHE,sell,26700,3.44,91848.0,27.554399999999998,0,
2021-10-08,600011.XSHG,sell,17000,8.1,137700.0,41.309999999999995,0,
2021-10-08,601991.XSHG,sell,4600,3.64,16744.0,5.023199999999999,22500,
2021-10-08,000543.XSHE,sell,1100,4.6,5060.0,5.0,17800,
2021-10-08,002267.XSHE,sell,10400,8.88,92352.00000000001,27.7056,0,
2021-10-08,000755.XSHE,sell,21500,3.72,79980.0,23.993999999999996,0,
2021-10-08,601000.XSHG,sell,29700,2.8,83160.0,24.947999999999997,0,
2021-10-08,600027.XSHG,sell,20800,4.7,97760.0,29.327999999999996,0,
2021-10-08,601228.XSHG,sell,22500,3.43,77175.0,23.152499999999996,0,
2021-10-08,600018.XSHG,sell,15000,6.25,93750.0,28.124999999999996,0,
2021-10-08,600795.XSHG,sell,29300,3.29,96397.0,28.919099999999997,0,
2021-10-08,601169.XSHG,sell,14600,4.38,63948.0,19.184399999999997,0,
2021-10-08,601328.XSHG,sell,14600,4.53,66138.0,19.841399999999997,0,
2021-10-08,600368.XSHG,sell,500,4.05,2025.0,5.0,20200,
2021-10-08,600350.XSHG,sell,11600,5.55,64380.0,19.314,0,
2021-10-08,000421.XSHE,buy,15600,5.25,81900.0,24.569999999999997,15600,
2021-10-08,000429.XSHE,buy,1100,7.42,8162.0,5.0,11000,
2021-10-08,000539.XSHE,buy,15700,5.21,81797.0,24.539099999999998,15700,
2021-10-08,000900.XSHE,buy,1300,4.34,5642.0,5.0,18800,
2021-10-08,001872.XSHE,buy,500,17.42,8710.0,5.0,4700,
2021-10-08,002040.XSHE,buy,13300,6.15,81795.0,24.5385,13300,
2021-10-08,002807.XSHE,buy,21200,3.85,81620.0,24.485999999999997,21200,
2021-10-08,600017.XSHG,buy,2500,2.78,6949.999999999999,5.0,29400,
2021-10-08,600033.XSHG,buy,1500,2.85,4275.0,5.0,28700,
2021-10-08,600035.XSHG,buy,1600,3.22,5152.0,5.0,25400,
2021-10-08,600106.XSHG,buy,30000,2.73,81900.0,24.569999999999997,30000,
2021-10-08,600377.XSHG,buy,9300,8.73,81189.0,24.356699999999996,9300,
2021-10-08,600617.XSHG,buy,14700,5.57,81879.0,24.563699999999997,14700,
2021-10-08,600928.XSHG,buy,18600,4.4,81840.0,24.552,18600,
2021-10-08,600969.XSHG,buy,10100,8.09,81709.0,24.5127,10100,
2021-10-08,601006.XSHG,buy,2200,6.29,13838.0,5.0,13000,
2021-10-08,601018.XSHG,buy,20500,3.99,81795.0,24.5385,20500,
2021-10-08,601077.XSHG,buy,3200,3.87,12384.0,5.0,21100,
2021-10-08,601288.XSHG,buy,4200,2.95,12390.0,5.0,27700,
2021-10-08,601326.XSHG,buy,900,2.96,2664.0,5.0,27600,
2021-10-08,601333.XSHG,buy,34700,2.36,81892.0,24.5676,34700,
2021-10-08,601398.XSHG,buy,3700,4.66,17242.0,5.172599999999999,17500,
2021-10-08,601985.XSHG,buy,11200,7.3,81760.0,24.528,11200,
2021-10-08,601988.XSHG,buy,3600,3.05,10980.0,5.0,26800,
2021-10-08,603323.XSHG,buy,15700,5.2,81640.0,24.491999999999997,15700,
2022-01-04,601326.XSHG,sell,27600,2.78,76728.0,23.0184,0,
2022-01-04,601991.XSHG,sell,22500,3.28,73800.0,22.139999999999997,0,
2022-01-04,601985.XSHG,sell,1200,8.32,9984.0,5.0,10000,
2022-01-04,000543.XSHE,sell,17800,5.6,99680.0,29.903999999999996,0,
2022-01-04,000539.XSHE,sell,15700,6.24,97968.0,29.390399999999996,0,
2022-01-04,001872.XSHE,sell,4700,17.05,80135.0,24.040499999999998,0,
2022-01-04,600106.XSHG,sell,30000,4.5,135000.0,40.5,0,
2022-01-04,603323.XSHG,sell,15700,4.88,76616.0,22.984799999999996,0,
2022-01-04,601333.XSHG,sell,34700,2.25,78075.0,23.4225,0,
2022-01-04,000421.XSHE,buy,1200,4.95,5940.0,5.0,16800,
2022-01-04,000429.XSHE,buy,300,7.35,2205.0,5.0,11300,
2022-01-04,000755.XSHE,buy,18100,4.61,83441.0,25.0323,18100,
2022-01-04,000900.XSHE,buy,800,4.24,3392.0,5.0,19600,
2022-01-04,002040.XSHE,buy,100,6.2,620.0,5.0,13400,
2022-01-04,002807.XSHE,buy,400,3.85,1540.0,5.0,21600,
2022-01-04,002893.XSHE,buy,9300,8.89,82677.0,24.803099999999997,9300,
2022-01-04,003816.XSHE,buy,26500,3.15,83475.0,25.042499999999997,26500,
2022-01-04,600017.XSHG,buy,300,2.81,843.0,5.0,29700,
2022-01-04,600033.XSHG,buy,900,2.82,2538.0,5.0,29600,
2022-01-04,600035.XSHG,buy,1000,3.16,3160.0,5.0,26400,
2022-01-04,600368.XSHG,buy,200,4.09,818.0,5.0,20400,
2022-01-04,600377.XSHG,buy,300,8.62,2585.9999999999995,5.0,9600,
2022-01-04,600617.XSHG,buy,5000,4.23,21150.000000000004,6.345000000000001,19700,
2022-01-04,600717.XSHG,buy,19600,4.24,83104.0,24.931199999999997,19600,
2022-01-04,600928.XSHG,buy,800,4.3,3440.0,5.0,19400,
2022-01-04,600969.XSHG,buy,200,8.05,1610.0000000000002,5.0,10300,
2022-01-04,601008.XSHG,buy,21500,3.87,83205.0,24.961499999999997,21500,
2022-01-04,601018.XSHG,buy,400,3.98,1592.0,5.0,20900,
2022-01-04,601077.XSHG,buy,500,3.85,1925.0,5.0,21600,
2022-01-04,601229.XSHG,buy,11600,7.14,82824.0,24.847199999999997,11600,
2022-01-04,601288.XSHG,buy,700,2.94,2058.0,5.0,28400,
2022-01-04,601368.XSHG,buy,15400,5.4,83160.0,24.947999999999997,15400,
2022-01-04,601398.XSHG,buy,400,4.64,1855.9999999999998,5.0,17900,
2022-01-04,601880.XSHG,buy,48200,1.73,83386.0,25.0158,48200,
2022-01-04,601988.XSHG,buy,400,3.06,1224.0,5.0,27200,
2022-04-01,601018.XSHG,sell,20900,3.93,82137.0,24.641099999999998,0,
2022-04-01,601288.XSHG,sell,1000,3.07,3070.0,5.0,27400,
2022-04-01,601880.XSHG,sell,48200,1.72,82904.0,24.871199999999998,0,
2022-04-01,601368.XSHG,sell,15400,5.66,87164.0,26.149199999999997,0,
2022-04-01,601008.XSHG,sell,21500,4.16,89440.0,26.831999999999997,0,
2022-04-01,600035.XSHG,sell,26400,3.34,88176.0,26.452799999999996,0,
2022-04-01,600928.XSHG,sell,19400,3.92,76048.0,22.8144,0,
2022-04-01,000755.XSHE,sell,18100,4.44,80364.0,24.109199999999998,0,
2022-04-01,600377.XSHG,sell,9600,8.4,80640.0,24.191999999999997,0,
2022-04-01,600033.XSHG,sell,700,2.91,2037.0,5.0,28900,
2022-04-01,000429.XSHE,sell,700,7.91,5537.0,5.0,10600,
2022-04-01,600617.XSHG,sell,19700,4.34,85498.0,25.649399999999996,0,
2022-04-01,600969.XSHG,sell,10300,8.1,83430.0,25.028999999999996,0,
2022-04-01,002893.XSHE,sell,9300,8.36,77748.0,23.324399999999997,0,
2022-04-01,601988.XSHG,sell,1400,3.26,4564.0,5.0,25800,
2022-04-01,600017.XSHG,sell,29700,2.87,85239.0,25.571699999999996,0,
2022-04-01,601006.XSHG,sell,700,6.84,4788.0,5.0,12300,
2022-04-01,601398.XSHG,sell,200,4.75,950.0,5.0,17700,
2022-04-01,002040.XSHE,sell,13400,6.53,87502.0,26.2506,0,
2022-04-01,601077.XSHG,sell,300,3.96,1188.0,5.0,21300,
2022-04-01,002807.XSHE,sell,1600,4.21,6736.0,5.0,20000,
2022-04-01,600368.XSHG,sell,20400,4.27,87107.99999999999,26.132399999999993,0,
2022-04-01,000900.XSHE,sell,19600,4.24,83104.0,24.931199999999997,0,
2022-04-01,000582.XSHE,buy,11300,7.42,83846.0,25.153799999999997,11300,
2022-04-01,001872.XSHE,buy,5400,15.49,83646.0,25.093799999999998,5400,
2022-04-01,002267.XSHE,buy,13400,6.29,84286.0,25.2858,13400,
2022-04-01,003816.XSHE,buy,4500,2.72,12240.0,5.0,31000,
2022-04-01,600012.XSHG,buy,10800,7.74,83592.0,25.077599999999997,10800,
2022-04-01,600350.XSHG,buy,15700,5.36,84152.0,25.245599999999996,15700,
2022-04-01,600681.XSHG,buy,16300,5.16,84108.0,25.2324,16300,
2022-04-01,600717.XSHG,buy,200,4.25,850.0,5.0,19800,
2022-04-01,600795.XSHG,buy,33300,2.53,84249.0,25.2747,33300,
2022-04-01,600886.XSHG,buy,9000,9.29,83609.99999999999,25.082999999999995,9000,
2022-04-01,601228.XSHG,buy,26100,3.23,84303.0,25.290899999999997,26100,
2022-04-01,601229.XSHG,buy,1100,6.6,7260.0,5.0,12700,
2022-04-01,601298.XSHG,buy,15100,5.55,83805.0,25.141499999999997,15100,
2022-04-01,601326.XSHG,buy,30400,2.77,84208.0,25.2624,30400,
2022-04-01,601939.XSHG,buy,13500,6.24,84240.0,25.272,13500,
2022-04-01,601985.XSHG,buy,500,7.98,3990.0,5.0,10500,
2022-07-01,601229.XSHG,sell,12700,6.55,83185.0,24.955499999999997,0,
2022-07-01,600681.XSHG,sell,16300,4.45,72535.0,21.760499999999997,0,
2022-07-01,600886.XSHG,sell,800,10.54,8432.0,5.0,8200,
2022-07-01,002267.XSHE,sell,13400,7.01,93934.0,28.1802,0,
2022-07-01,601228.XSHG,sell,26100,3.69,96309.0,28.892699999999998,0,
2022-07-01,000582.XSHE,sell,11300,7.76,87688.0,26.306399999999996,0,
2022-07-01,600795.XSHG,sell,11200,3.92,43904.0,13.171199999999999,22100,
2022-07-01,000421.XSHE,sell,16800,4.78,80304.0,24.091199999999997,0,
2022-07-01,002807.XSHE,sell,20000,4.55,91000.0,27.299999999999997,0,
2022-07-01,600717.XSHG,sell,19800,4.01,79398.0,23.819399999999998,0,
2022-07-01,000429.XSHE,buy,100,8.09,809.0,5.0,10700,
2022-07-01,000755.XSHE,buy,20900,4.14,86526.0,25.9578,20900,
2022-07-01,000883.XSHE,buy,17000,5.1,86700.0,26.009999999999998,17000,
2022-07-01,001872.XSHE,buy,100,15.56,1556.0,5.0,5500,
2022-07-01,002608.XSHE,buy,13300,6.49,86317.0,25.8951,13300,
2022-07-01,600012.XSHG,buy,800,7.46,5968.0,5.0,11600,
2022-07-01,600017.XSHG,buy,28500,3.04,86640.0,25.991999999999997,28500,
2022-07-01,600033.XSHG,buy,2400,2.77,6648.0,5.0,31300,
2022-07-01,600035.XSHG,buy,26500,3.27,86655.0,25.996499999999997,26500,
2022-07-01,600350.XSHG,buy,800,5.26,4208.0,5.0,16500,
2022-07-01,601000.XSHG,buy,33500,2.59,86765.0,26.0295,33500,
2022-07-01,601006.XSHG,buy,800,6.61,5288.0,5.0,13100,
2022-07-01,601018.XSHG,buy,22200,3.91,86802.0,26.040599999999998,22200,
2022-07-01,601077.XSHG,buy,2100,3.7,7770.0,5.0,23400,
2022-07-01,601169.XSHG,buy,19100,4.54,86714.0,26.0142,19100,
2022-07-01,601288.XSHG,buy,1300,3.02,3926.0,5.0,28700,
2022-07-01,601298.XSHG,buy,700,5.48,3836.0000000000005,5.0,15800,
2022-07-01,601326.XSHG,buy,300,2.83,849.0,5.0,30700,
2022-07-01,601398.XSHG,buy,500,4.77,2385.0,5.0,18200,
2022-07-01,601825.XSHG,buy,13800,6.28,86664.0,25.9992,13800,
2022-07-01,601939.XSHG,buy,800,6.07,4856.0,5.0,14300,
2022-07-01,601985.XSHG,buy,2100,6.88,14448.0,5.0,12600,
2022-07-01,601988.XSHG,buy,800,3.26,2608.0,5.0,26600,
2022-07-01,601991.XSHG,buy,35900,2.42,86878.0,26.063399999999998,35900,
2022-10-10,601018.XSHG,sell,22200,3.65,81030.0,24.308999999999997,0,
2022-10-10,600886.XSHG,sell,8200,10.74,88068.0,26.420399999999997,0,
2022-10-10,601991.XSHG,sell,35900,3.33,119547.0,35.86409999999999,0,
2022-10-10,000883.XSHE,sell,17000,4.39,74630.0,22.389,0,
2022-10-10,000755.XSHE,sell,4400,5.2,22880.0,6.863999999999999,16500,
2022-10-10,601000.XSHG,sell,33500,2.58,86430.0,25.929,0,
2022-10-10,002608.XSHE,sell,13300,5.82,77406.0,23.221799999999998,0,
2022-10-10,601006.XSHG,sell,300,6.7,2010.0,5.0,12800,
2022-10-10,600795.XSHG,sell,900,4.06,3653.9999999999995,5.0,21200,
2022-10-10,601298.XSHG,sell,200,5.49,1098.0,5.0,15600,
2022-10-10,600350.XSHG,sell,700,5.43,3801.0,5.0,15800,
2022-10-10,601985.XSHG,sell,12600,5.85,73710.0,22.113,0,
2022-10-10,000027.XSHE,buy,15300,5.61,85833.0,25.749899999999997,15300,
2022-10-10,000429.XSHE,buy,1000,7.31,7310.0,5.0,11700,
2022-10-10,000598.XSHE,buy,17200,4.99,85828.0,25.748399999999997,17200,
2022-10-10,001872.XSHE,buy,300,14.61,4383.0,5.0,5800,
2022-10-10,003816.XSHE,buy,1600,2.64,4224.0,5.0,32600,
2022-10-10,600008.XSHG,buy,33000,2.61,86130.0,25.839,33000,
2022-10-10,600012.XSHG,buy,1300,6.67,8671.0,5.0,12900,
2022-10-10,600017.XSHG,buy,2700,2.76,7451.999999999999,5.0,31200,
2022-10-10,600033.XSHG,buy,400,2.71,1084.0,5.0,31700,
2022-10-10,600035.XSHG,buy,400,3.2,1280.0,5.0,26900,
2022-10-10,600717.XSHG,buy,21500,3.99,85785.0,25.7355,21500,
2022-10-10,600719.XSHG,buy,19400,4.42,85748.0,25.7244,19400,
2022-10-10,600803.XSHG,buy,4500,18.92,85140.00000000001,25.542,4500,
2022-10-10,601008.XSHG,buy,22200,3.88,86136.0,25.840799999999998,22200,
2022-10-10,601077.XSHG,buy,600,3.58,2148.0,5.0,24000,
2022-10-10,601169.XSHG,buy,1800,4.11,7398.000000000001,5.0,20900,
2022-10-10,601288.XSHG,buy,1500,2.85,4275.0,5.0,30200,
2022-10-10,601326.XSHG,buy,1400,2.68,3752.0,5.0,32100,
2022-10-10,601398.XSHG,buy,1600,4.35,6959.999999999999,5.0,19800,
2022-10-10,601825.XSHG,buy,2400,5.3,12720.0,5.0,16200,
2022-10-10,601939.XSHG,buy,1300,5.5,7150.0,5.0,15600,
2022-10-10,601988.XSHG,buy,1300,3.08,4004.0,5.0,27900,
2023-01-03,600012.XSHG,sell,700,7.3,5110.0,5.0,12200,
2023-01-03,601326.XSHG,sell,32100,2.73,87633.0,26.2899,0,
2023-01-03,600008.XSHG,sell,33000,2.84,93720.0,28.115999999999996,0,
2023-01-03,601008.XSHG,sell,22200,4.83,107226.0,32.1678,0,
2023-01-03,600035.XSHG,sell,500,3.39,1695.0,5.0,26400,
2023-01-03,601825.XSHG,sell,1000,5.9,5900.0,5.0,15200,
2023-01-03,600803.XSHG,sell,4500,16.08,72359.99999999999,21.707999999999995,0,
2023-01-03,600033.XSHG,sell,800,2.9,2320.0,5.0,30900,
2023-01-03,000429.XSHE,sell,400,7.92,3168.0,5.0,11300,
2023-01-03,001872.XSHE,sell,5800,14.45,83810.0,25.142999999999997,0,
2023-01-03,600017.XSHG,sell,31200,2.81,87672.0,26.301599999999997,0,
2023-01-03,600719.XSHG,sell,19400,5.15,99910.0,29.973,0,
2023-01-03,600795.XSHG,sell,21200,4.27,90523.99999999999,27.157199999999992,0,
2023-01-03,000598.XSHE,sell,17200,4.91,84452.0,25.3356,0,
2023-01-03,601169.XSHG,sell,20900,4.32,90288.0,27.086399999999998,0,
2023-01-03,000027.XSHE,sell,15300,6.17,94401.0,28.320299999999996,0,
2023-01-03,600350.XSHG,sell,100,5.71,571.0,5.0,15700,
2023-01-03,000755.XSHE,buy,300,5.33,1599.0,5.0,16800,
2023-01-03,000905.XSHE,buy,12400,7.23,89652.0,26.895599999999998,12400,
2023-01-03,002039.XSHE,buy,5800,15.22,88276.0,26.482799999999997,5800,
2023-01-03,003816.XSHE,buy,600,2.7,1620.0,5.0,33200,
2023-01-03,600018.XSHG,buy,16700,5.36,89512.0,26.853599999999997,16700,
2023-01-03,600098.XSHG,buy,16100,5.55,89355.0,26.806499999999996,16100,
2023-01-03,600283.XSHG,buy,7300,12.17,88841.0,26.652299999999997,7300,
2023-01-03,600461.XSHG,buy,12900,6.92,89268.0,26.780399999999997,12900,
2023-01-03,600717.XSHG,buy,400,4.08,1632.0,5.0,21900,
2023-01-03,600886.XSHG,buy,8200,10.84,88888.0,26.6664,8200,
2023-01-03,601000.XSHG,buy,32600,2.75,89650.0,26.894999999999996,32600,
2023-01-03,601006.XSHG,buy,600,6.68,4008.0,5.0,13400,
2023-01-03,601077.XSHG,buy,1400,3.53,4942.0,5.0,25400,
2023-01-03,601288.XSHG,buy,600,2.91,1746.0,5.0,30800,
2023-01-03,601298.XSHG,buy,400,5.6,2240.0,5.0,16000,
2023-01-03,601398.XSHG,buy,800,4.34,3472.0,5.0,20600,
2023-01-03,601880.XSHG,buy,55300,1.62,89586.0,26.875799999999998,55300,
2023-01-03,601939.XSHG,buy,300,5.62,1686.0,5.0,15900,
2023-01-03,601985.XSHG,buy,14900,6.01,89549.0,26.8647,14900,
2023-01-03,601988.XSHG,buy,400,3.17,1268.0,5.0,28300,
2023-01-03,601997.XSHG,buy,16300,5.5,89650.0,26.894999999999996,16300,
2023-04-03,003816.XSHE,sell,33200,2.86,94952.0,28.485599999999998,0,
2023-04-03,600012.XSHG,sell_skipped,1800,8.93,0.0,0.0,10400,paused
2023-04-03,601939.XSHG,sell,200,5.93,1186.0,5.0,15700,
2023-04-03,601288.XSHG,sell,900,3.11,2799.0,5.0,29900,
2023-04-03,600886.XSHG,sell,8200,10.87,89134.0,26.740199999999998,0,
2023-04-03,601997.XSHG,sell,16300,5.51,89813.0,26.9439,0,
2023-04-03,600098.XSHG,sell,300,5.89,1767.0,5.0,15800,
2023-04-03,600461.XSHG,sell,12900,7.19,92751.0,27.8253,0,
2023-04-03,601000.XSHG,sell,32600,3.1,101060.0,30.317999999999998,0,
2023-04-03,601988.XSHG,sell,700,3.38,2366.0,5.0,27600,
2023-04-03,601006.XSHG,sell,500,7.2,3600.0,5.0,12900,
2023-04-03,002039.XSHE,sell,5800,14.83,86014.0,25.804199999999998,0,
2023-04-03,000905.XSHE,sell,12400,7.21,89404.0,26.821199999999997,0,
2023-04-03,601077.XSHG,sell,100,3.68,368.0,5.0,25300,
2023-04-03,601298.XSHG,sell,1300,6.34,8242.0,5.0,14700,
2023-04-03,600350.XSHG,sell,600,6.14,3684.0,5.0,15100,
2023-04-03,601985.XSHG,sell,300,6.37,1911.0,5.0,14600,
2023-04-03,000429.XSHE,buy,1000,7.58,7580.0,5.0,12300,
2023-04-03,000755.XSHE,buy,100,5.52,552.0,5.0,16900,
2023-04-03,001872.XSHE,buy,5500,16.96,93280.0,27.983999999999998,5500,
2023-04-03,600017.XSHG,buy,33300,2.8,93240.0,27.971999999999998,33300,
2023-04-03,600018.XSHG,buy,100,5.54,554.0,5.0,16800,
2023-04-03,600033.XSHG,buy,1200,2.9,3480.0,5.0,32100,
2023-04-03,600035.XSHG,buy,300,3.49,1047.0,5.0,26700,
2023-04-03,600168.XSHG,buy,15300,6.06,92718.0,27.815399999999997,15300,
2023-04-03,600283.XSHG,buy,200,12.37,2474.0,5.0,7500,
2023-04-03,600377.XSHG,buy,11100,8.34,92574.0,27.772199999999998,11100,
2023-04-03,600617.XSHG,buy,22800,4.08,93024.0,27.907199999999996,22800,
2023-04-03,600681.XSHG,buy,21400,4.35,93089.99999999999,27.926999999999992,21400,
2023-04-03,600717.XSHG,buy,1000,4.07,4070.0000000000005,5.0,22900,
2023-04-03,600956.XSHG,buy,9900,9.35,92565.0,27.769499999999997,9900,
2023-04-03,601169.XSHG,buy,21100,4.41,93051.0,27.9153,21100,
2023-04-03,601398.XSHG,buy,300,4.46,1338.0,5.0,20900,
2023-04-03,601825.XSHG,buy,900,5.76,5184.0,5.0,16100,
2023-04-03,601880.XSHG,buy,2600,1.61,4186.0,5.0,57900,
2023-07-03,600012.XSHG,sell,2800,10.55,29540.000000000004,8.862,9400,
2023-07-03,601939.XSHG,sell,15700,6.26,98282.0,29.484599999999997,0,
2023-07-03,601288.XSHG,sell,29900,3.54,105846.0,31.7538,0,
2023-07-03,600681.XSHG,sell,21400,4.67,99938.0,29.981399999999997,0,
2023-07-03,600035.XSHG,sell,2300,4.09,9407.0,5.0,24400,
2023-07-03,600956.XSHG,sell,9900,8.73,86427.0,25.928099999999997,0,
2023-07-03,600168.XSHG,sell,15300,6.0,91800.0,27.54,0,
2023-07-03,000755.XSHE,sell,16900,4.88,82472.0,24.7416,0,
2023-07-03,600098.XSHG,sell,15800,6.18,97644.0,29.2932,0,
2023-07-03,600377.XSHG,sell,1000,9.83,9830.0,5.0,10100,
2023-07-03,600033.XSHG,sell,200,3.13,626.0,5.0,31900,
2023-07-03,001872.XSHE,sell,5500,17.37,95535.0,28.6605,0,
2023-07-03,601988.XSHG,sell,27600,3.92,108192.0,32.4576,0,
2023-07-03,600017.XSHG,sell,200,3.02,604.0,5.0,33100,
2023-07-03,601398.XSHG,sell,20900,4.84,101156.0,30.346799999999998,0,
2023-07-03,601169.XSHG,sell,21100,4.64,97904.0,29.371199999999998,0,
2023-07-03,601298.XSHG,sell,14700,7.4,108780.0,32.634,0,
2023-07-03,600283.XSHG,sell,7500,14.55,109125.0,32.7375,0,
2023-07-03,601985.XSHG,sell,500,7.09,3545.0,5.0,14100,
2023-07-03,600717.XSHG,sell,22900,4.42,101218.0,30.365399999999998,0,
2023-07-03,000027.XSHE,buy,15100,6.58,99358.0,29.807399999999998,15100,
2023-07-03,000421.XSHE,buy,18400,5.41,99544.0,29.8632,18400,
2023-07-03,000429.XSHE,buy,500,7.78,3890.0,5.0,12800,
2023-07-03,000557.XSHE,buy,18800,5.29,99452.0,29.835599999999996,18800,
2023-07-03,000883.XSHE,buy,21600,4.61,99576.0,29.872799999999998,21600,
2023-07-03,002267.XSHE,buy,12500,7.95,99375.0,29.812499999999996,12500,
2023-07-03,002807.XSHE,buy,27000,3.7,99900.0,29.97,27000,
2023-07-03,600018.XSHG,buy,2200,5.24,11528.0,5.0,19000,
2023-07-03,600020.XSHG,buy,27000,3.7,99900.0,29.97,27000,
2023-07-03,600350.XSHG,buy,500,6.38,3190.0,5.0,15600,
2023-07-03,600617.XSHG,buy,200,4.34,868.0,5.0,23000,
2023-07-03,600642.XSHG,buy,14200,7.01,99542.0,29.862599999999997,14200,
2023-07-03,600908.XSHG,buy,18700,5.33,99671.0,29.9013,18700,
2023-07-03,601006.XSHG,buy,500,7.43,3715.0,5.0,13400,
2023-07-03,601018.XSHG,buy,29300,3.4,99620.0,29.885999999999996,29300,
2023-07-03,601077.XSHG,buy,2500,3.59,8975.0,5.0,27800,
2023-07-03,601228.XSHG,buy,30800,3.24,99792.0,29.937599999999996,30800,
2023-07-03,601229.XSHG,buy,17300,5.75,99475.0,29.842499999999998,17300,
2023-07-03,601825.XSHG,buy,2200,5.46,12012.0,5.0,18300,
2023-07-03,601880.XSHG,buy,5700,1.57,8949.0,5.0,63600,
2023-07-03,601997.XSHG,buy,19300,5.16,99588.0,29.876399999999997,19300,
2023-07-03,603323.XSHG,buy,23700,4.21,99777.0,29.933099999999996,23700,
2023-10-09,601229.XSHG,sell,700,6.13,4291.0,5.0,16600,
2023-10-09,600012.XSHG,sell,9400,11.08,104152.0,31.245599999999996,0,
2023-10-09,000557.XSHE,sell,18800,4.58,86104.0,25.8312,0,
2023-10-09,601825.XSHG,sell,1400,6.02,8428.0,5.0,16900,
2023-10-09,601997.XSHG,sell,19300,5.56,107307.99999999999,32.19239999999999,0,
2023-10-09,000883.XSHE,sell,21600,4.36,94176.0,28.252799999999997,0,
2023-10-09,002267.XSHE,sell,12500,7.18,89750.0,26.924999999999997,0,
2023-10-09,600377.XSHG,sell,200,10.26,2052.0,5.0,9900,
2023-10-09,600033.XSHG,sell,1400,3.34,4676.0,5.0,30500,
2023-10-09,000429.XSHE,sell,700,8.4,5880.0,5.0,12100,
2023-10-09,601228.XSHG,sell,30800,3.23,99484.0,29.8452,0,
2023-10-09,600018.XSHG,sell,19000,5.14,97660.0,29.298,0,
2023-10-09,601077.XSHG,sell,2100,3.97,8337.0,5.0,25700,
2023-10-09,000027.XSHE,sell,15100,6.37,96187.0,28.856099999999998,0,
2023-10-09,600908.XSHG,sell,400,5.56,2224.0,5.0,18300,
2023-10-09,603323.XSHG,sell,700,4.44,3108.0000000000005,5.0,23000,
2023-10-09,600642.XSHG,sell,14200,6.36,90312.0,27.0936,0,
2023-10-09,002807.XSHE,sell,300,3.82,1146.0,5.0,26700,
2023-10-09,600350.XSHG,sell,15600,7.1,110760.0,33.227999999999994,0,
2023-10-09,601985.XSHG,sell,100,7.29,729.0,5.0,14000,
2023-10-09,000407.XSHE,buy,27200,3.75,102000.0,30.599999999999998,27200,
2023-10-09,000421.XSHE,buy,1700,5.08,8636.0,5.0,20100,
2023-10-09,000582.XSHE,buy,12900,7.87,101523.0,30.456899999999997,12900,
2023-10-09,000755.XSHE,buy,21500,4.75,102125.0,30.637499999999996,21500,
2023-10-09,000900.XSHE,buy,24600,4.15,102090.00000000001,30.627000000000002,24600,
2023-10-09,003816.XSHE,buy,32500,3.14,102050.0,30.615,32500,
2023-10-09,600017.XSHG,buy,800,3.01,2408.0,5.0,33900,
2023-10-09,600020.XSHG,buy,1500,3.58,5370.0,5.0,28500,
2023-10-09,600035.XSHG,buy,1400,3.95,5530.0,5.0,25800,
2023-10-09,600396.XSHG,buy,39200,2.6,101920.0,30.575999999999997,39200,
2023-10-09,600617.XSHG,buy,500,4.33,2165.0,5.0,23500,
2023-10-09,600717.XSHG,buy,23100,4.41,101871.0,30.561299999999996,23100,
2023-10-09,600969.XSHG,buy,15400,6.62,101948.0,30.5844,15400,
2023-10-09,601006.XSHG,buy,600,7.28,4368.0,5.0,14000,
2023-10-09,601008.XSHG,buy,22500,4.52,101699.99999999999,30.509999999999994,22500,
2023-10-09,601018.XSHG,buy,300,3.44,1032.0,5.0,29600,
2023-10-09,601166.XSHG,buy,6200,16.24,100687.99999999999,30.20639999999999,6200,
2023-10-09,601880.XSHG,buy,1400,1.57,2198.0,5.0,65000,
2024-01-02,003816.XSHE,sell,32500,3.11,101075.0,30.322499999999998,0,
2024-01-02,601018.XSHG,sell,1500,3.55,5325.0,5.0,28100,
2024-01-02,000407.XSHE,sell,27200,3.62,98464.0,29.539199999999997,0,
2024-01-02,601880.XSHG,sell,65000,1.45,94250.0,28.275,0,
2024-01-02,600020.XSHG,sell,1400,3.68,5152.0,5.0,27100,
2024-01-02,600396.XSHG,sell,39200,2.59,101528.0,30.458399999999997,0,
2024-01-02,601008.XSHG,sell,22500,4.07,91575.0,27.472499999999997,0,
2024-01-02,000755.XSHE,sell,21500,4.56,98039.99999999999,29.411999999999992,0,
2024-01-02,601166.XSHG,sell,6200,14.92,92504.0,27.751199999999997,0,
2024-01-02,600377.XSHG,sell,200,10.21,2042.0000000000002,5.0,9700,
2024-01-02,000429.XSHE,sell,400,8.46,3384.0000000000005,5.0,11700,
2024-01-02,600969.XSHG,sell,15400,6.5,100100.0,30.029999999999998,0,
2024-01-02,601006.XSHG,sell,200,7.19,1438.0,5.0,13800,
2024-01-02,000421.XSHE,sell,20100,7.01,140901.0,42.2703,0,
2024-01-02,601077.XSHG,sell,1300,4.08,5304.0,5.0,24400,
2024-01-02,600908.XSHG,sell,18300,5.05,92415.0,27.7245,0,
2024-01-02,601985.XSHG,sell,14000,7.51,105140.0,31.541999999999998,0,
2024-01-02,000027.XSHE,buy,15800,6.29,99382.0,29.8146,15800,
2024-01-02,000582.XSHE,buy,300,7.52,2256.0,5.0,13200,
2024-01-02,000692.XSHE,buy,30400,3.28,99712.0,29.9136,30400,
2024-01-02,000791.XSHE,buy,18000,5.54,99720.0,29.915999999999997,18000,
2024-01-02,000900.XSHE,buy,800,3.92,3136.0,5.0,25400,
2024-01-02,000905.XSHE,buy,13800,7.2,99360.0,29.807999999999996,13800,
2024-01-02,002039.XSHE,buy,7200,13.73,98856.0,29.656799999999997,7200,
2024-01-02,002807.XSHE,buy,1400,3.55,4970.0,5.0,28100,
2024-01-02,600017.XSHG,buy,2300,2.75,6325.0,5.0,36200,
2024-01-02,600033.XSHG,buy,1600,3.1,4960.0,5.0,32100,
2024-01-02,600035.XSHG,buy,200,3.83,766.0,5.0,26000,
2024-01-02,600350.XSHG,buy,14400,6.93,99792.0,29.937599999999996,14400,
2024-01-02,600617.XSHG,buy,2300,3.86,8878.0,5.0,25800,
2024-01-02,600717.XSHG,buy,1200,4.1,4920.0,5.0,24300,
2024-01-02,600795.XSHG,buy,24100,4.14,99773.99999999999,29.932199999999995,24100,
2024-01-02,601169.XSHG,buy,22000,4.53,99660.0,29.897999999999996,22000,
2024-01-02,601228.XSHG,buy,31800,3.13,99534.0,29.8602,31800,
2024-01-02,601398.XSHG,buy,20800,4.78,99424.0,29.827199999999998,20800,
2024-01-02,601825.XSHG,buy,400,5.74,2296.0,5.0,17300,
2024-01-02,601991.XSHG,buy,41000,2.43,99630.0,29.888999999999996,41000,
2024-01-02,603323.XSHG,buy,900,4.17,3753.0,5.0,23900,
2024-04-01,601229.XSHG,sell,600,6.73,4038.0000000000005,5.0,16000,
2024-04-01,601991.XSHG,sell,41000,2.95,120950.00000000001,36.285000000000004,0,
2024-04-01,600035.XSHG,sell,1700,4.43,7530.999999999999,5.0,24300,
2024-04-01,601825.XSHG,sell,17300,6.79,117467.0,35.2401,0,
2024-04-01,000791.XSHE,sell,18000,5.84,105120.0,31.535999999999998,0,
2024-04-01,600377.XSHG,sell,400,11.56,4624.0,5.0,9300,
2024-04-01,600033.XSHG,sell,100,3.36,336.0,5.0,32000,
2024-04-01,000429.XSHE,sell,1000,10.01,10010.0,5.0,10700,
2024-04-01,601228.XSHG,sell,31800,3.55,112890.0,33.867,0,
2024-04-01,000582.XSHE,sell,13200,7.92,104544.0,31.363199999999996,0,
2024-04-01,002039.XSHE,sell,7200,15.95,114840.0,34.452,0,
2024-04-01,600795.XSHG,sell,2800,5.06,14167.999999999998,5.0,21300,
2024-04-01,601398.XSHG,sell,400,5.28,2112.0,5.0,20400,
2024-04-01,000905.XSHE,sell,13800,6.44,88872.0,26.661599999999996,0,
2024-04-01,601169.XSHG,sell,22000,5.69,125180.00000000001,37.554,0,
2024-04-01,601077.XSHG,sell,1200,4.64,5568.0,5.0,23200,
2024-04-01,000027.XSHE,sell,700,7.11,4977.0,5.0,15100,
2024-04-01,600617.XSHG,sell,25800,3.35,86430.0,25.929,0,
2024-04-01,600350.XSHG,sell,1900,8.56,16264.000000000002,5.0,12500,
2024-04-01,601018.XSHG,sell,28100,3.42,96102.0,28.830599999999997,0,
2024-04-01,000690.XSHE,buy,21300,5.04,107352.0,32.2056,21300,
2024-04-01,000692.XSHE,buy,11000,2.6,28600.0,8.58,41400,
2024-04-01,000900.XSHE,buy,3600,3.71,13356.0,5.0,29000,
2024-04-01,002807.XSHE,buy,600,3.75,2250.0,5.0,28700,
2024-04-01,600000.XSHG,buy,15000,7.15,107250.0,32.175,15000,
2024-04-01,600017.XSHG,buy,2800,2.76,7727.999999999999,5.0,39000,
2024-04-01,600018.XSHG,buy,20000,5.39,107800.0,32.339999999999996,20000,
2024-04-01,600020.XSHG,buy,1500,3.76,5640.0,5.0,28600,
2024-04-01,600578.XSHG,buy,32000,3.36,107520.0,32.256,32000,
2024-04-01,600717.XSHG,buy,600,4.32,2592.0,5.0,24900,
2024-04-01,600803.XSHG,buy,5500,19.37,106535.0,31.960499999999996,5500,
2024-04-01,600886.XSHG,buy,7100,15.04,106784.0,32.035199999999996,7100,
2024-04-01,601006.XSHG,buy,800,7.34,5872.0,5.0,14600,
2024-04-01,601187.XSHG,buy,20600,5.23,107738.00000000001,32.321400000000004,20600,
2024-04-01,601298.XSHG,buy,14600,7.38,107748.0,32.3244,14600,
2024-04-01,601816.XSHG,buy,21400,5.03,107642.0,32.2926,21400,
2024-04-01,601880.XSHG,buy,77000,1.4,107800.0,32.339999999999996,77000,
2024-07-01,600886.XSHG,sell,7100,18.25,129575.0,38.872499999999995,0,
2024-07-01,601880.XSHG,sell,77000,1.24,95480.0,28.644,0,
2024-07-01,600377.XSHG,sell,200,12.61,2522.0,5.0,9100,
2024-07-01,600803.XSHG,sell,5500,20.8,114400.0,34.32,0,
2024-07-01,601006.XSHG,sell,14600,7.16,104536.0,31.360799999999998,0,
2024-07-01,000692.XSHE,sell,41400,3.03,125441.99999999999,37.63259999999999,0,
2024-07-01,600795.XSHG,sell,2000,5.96,11920.0,5.0,19300,
2024-07-01,601398.XSHG,sell,200,5.69,1138.0,5.0,20200,
2024-07-01,600000.XSHG,sell,1000,8.22,8220.0,5.0,14000,
2024-07-01,600018.XSHG,sell,100,5.79,579.0,5.0,19900,
2024-07-01,601077.XSHG,sell,200,5.01,1002.0,5.0,23000,
2024-07-01,603323.XSHG,sell,23900,4.8,114720.0,34.416,0,
2024-07-01,000690.XSHE,sell,21300,5.1,108629.99999999999,32.58899999999999,0,
2024-07-01,600578.XSHG,sell,32000,3.23,103360.0,31.007999999999996,0,
2024-07-01,601187.XSHG,sell,20600,5.33,109798.0,32.9394,0,
2024-07-01,601229.XSHG,sell,16000,7.28,116480.0,34.943999999999996,0,
2024-07-01,601298.XSHG,sell,14600,9.57,139722.0,41.916599999999995,0,
2024-07-01,000027.XSHE,buy,600,7.3,4380.0,5.0,15700,
2024-07-01,000429.XSHE,buy,300,10.42,3126.0,5.0,11000,
2024-07-01,000539.XSHE,buy,22600,5.08,114808.0,34.4424,22600,
2024-07-01,000883.XSHE,buy,19200,5.99,115008.0,34.502399999999994,19200,
2024-07-01,000900.XSHE,buy,2400,3.67,8808.0,5.0,31400,
2024-07-01,002807.XSHE,buy,1800,3.77,6786.0,5.0,30500,
2024-07-01,600011.XSHG,buy,11900,9.63,114597.00000000001,34.3791,11900,
2024-07-01,600017.XSHG,buy,4000,2.68,10720.0,5.0,43000,
2024-07-01,600020.XSHG,buy,3900,3.54,13806.0,5.0,32500,
2024-07-01,600021.XSHG,buy,11700,9.85,115245.0,34.573499999999996,11700,
2024-07-01,600033.XSHG,buy,2400,3.35,8040.0,5.0,34400,
2024-07-01,600035.XSHG,buy,2700,4.26,11502.0,5.0,27000,
2024-07-01,600350.XSHG,buy,500,8.86,4430.0,5.0,13000,
2024-07-01,600717.XSHG,buy,2000,4.27,8540.0,5.0,26900,
2024-07-01,600908.XSHG,buy,21700,5.29,114793.0,34.4379,21700,
2024-07-01,601008.XSHG,buy,33600,3.42,114912.0,34.4736,33600,
2024-07-01,601018.XSHG,buy,33800,3.4,114920.0,34.476,33800,
2024-07-01,601169.XSHG,buy,19700,5.84,115048.0,34.514399999999995,19700,
2024-07-01,601326.XSHG,buy,36300,3.17,115071.0,34.5213,36300,
2024-07-01,601816.XSHG,buy,100,5.36,536.0,5.0,21500,
2024-07-01,601939.XSHG,buy,15500,7.4,114700.0,34.41,15500,
2024-07-01,601991.XSHG,buy,38400,3.0,115200.0,34.559999999999995,38400,
2024-10-08,601326.XSHG,sell,2200,3.98,8756.0,5.0,34100,
2024-10-08,600011.XSHG,sell,11900,8.45,100554.99999999999,30.166499999999992,0,
2024-10-08,601018.XSHG,sell,1500,4.2,6300.0,5.0,32300,
2024-10-08,601939.XSHG,sell,15500,8.35,129425.0,38.82749999999999,0,
2024-10-08,601991.XSHG,sell,38400,3.26,125183.99999999999,37.55519999999999,0,
2024-10-08,600020.XSHG,sell,3300,4.65,15345.000000000002,5.0,29200,
2024-10-08,601008.XSHG,sell,33600,4.28,143808.0,43.142399999999995,0,
2024-10-08,000883.XSHE,sell,19200,5.87,112704.0,33.8112,0,
2024-10-08,601816.XSHG,sell,1000,6.6,6600.0,5.0,20500,
2024-10-08,600377.XSHG,sell,400,15.6,6240.0,5.0,8700,
2024-10-08,600033.XSHG,sell,1400,4.11,5754.0,5.0,33000,
2024-10-08,600017.XSHG,sell,3500,3.44,12040.0,5.0,39500,
2024-10-08,600000.XSHG,sell,14000,10.88,152320.0,45.696,0,
2024-10-08,600018.XSHG,sell,19900,7.1,141290.0,42.38699999999999,0,
2024-10-08,601169.XSHG,sell,19700,6.25,123125.0,36.9375,0,
2024-10-08,600908.XSHG,sell,1300,6.66,8658.0,5.0,20400,
2024-10-08,002807.XSHE,sell,1600,4.7,7520.0,5.0,28900,
2024-10-08,000900.XSHE,sell,31400,4.67,146638.0,43.9914,0,
2024-10-08,600717.XSHG,sell,2200,5.49,12078.0,5.0,24700,
2024-10-08,000027.XSHE,buy_skipped,1900,7.69,0.0,0.0,17600,high_limit
2024-10-08,000539.XSHE,buy,2000,5.51,11020.0,5.0,24600,
2024-10-08,000601.XSHE,buy,29700,4.57,135729.0,40.7187,29700,
2024-10-08,000828.XSHE,buy_skipped,11100,12.23,0.0,0.0,11100,high_limit
2024-10-08,000905.XSHE,buy,19300,7.03,135679.0,40.7037,19300,
2024-10-08,600021.XSHG,buy,1100,10.58,11638.0,5.0,12800,
2024-10-08,600035.XSHG,buy,1600,4.75,7600.0,5.0,28600,
2024-10-08,600350.XSHG,buy,700,9.91,6937.0,5.0,13700,
2024-10-08,600681.XSHG,buy,33500,4.05,135675.0,40.70249999999999,33500,
2024-10-08,600795.XSHG,buy,3300,6.0,19800.0,5.9399999999999995,22600,
2024-10-08,600803.XSHG,buy,6000,22.48,134880.0,40.464,6000,
2024-10-08,601077.XSHG,buy,100,5.88,588.0,5.0,23100,
2024-10-08,601166.XSHG,buy,6400,21.0,134400.0,40.31999999999999,6400,
2024-10-08,601398.XSHG,buy,700,6.5,4550.0,5.0,20900,
2024-10-08,601818.XSHG,buy,34900,3.89,135761.0,40.7283,34900,
2024-10-08,601880.XSHG,buy,83300,1.63,135779.0,40.7337,83300,
2024-10-08,601988.XSHG,buy,25600,5.3,135680.0,40.70399999999999,25600,
2025-01-02,600681.XSHG,sell,33500,3.48,116580.0,34.974,0,
2025-01-02,601880.XSHG,sell,83300,1.73,144109.0,43.232699999999994,0,
2025-01-02,600035.XSHG,sell,700,4.61,3227.0,5.0,27900,
2025-01-02,000601.XSHE,sell,29700,4.05,120285.0,36.085499999999996,0,
2025-01-02,601816.XSHG,sell,20500,6.17,126485.0,37.945499999999996,0,
2025-01-02,601166.XSHG,sell,6400,19.21,122944.0,36.883199999999995,0,
2025-01-02,600377.XSHG,sell,400,15.4,6160.0,5.0,8300,
2025-01-02,600803.XSHG,sell,6000,21.67,130020.00000000001,39.006,0,
2025-01-02,000429.XSHE,sell,2200,14.52,31944.0,9.5832,8800,
2025-01-02,601988.XSHG,sell,25600,5.51,141056.0,42.31679999999999,0,
2025-01-02,601398.XSHG,sell,20900,6.91,144419.0,43.3257,0,
2025-01-02,600021.XSHG,sell,12800,9.17,117376.0,35.212799999999994,0,
2025-01-02,000905.XSHE,sell,1000,7.03,7030.0,5.0,18300,
2025-01-02,601818.XSHG,sell,1700,3.87,6579.0,5.0,33200,
2025-01-02,601077.XSHG,sell,23100,6.05,139755.0,41.9265,0,
2025-01-02,000027.XSHE,sell,15700,6.46,101422.0,30.426599999999997,0,
2025-01-02,600350.XSHG,sell,13700,10.32,141384.0,42.4152,0,
2025-01-02,000539.XSHE,buy,3700,4.54,16798.0,5.0394,28300,
2025-01-02,000828.XSHE,buy,12000,10.7,128399.99999999999,38.51999999999999,12000,
2025-01-02,000900.XSHE,buy,29200,4.41,128772.0,38.6316,29200,
2025-01-02,002039.XSHE,buy,8400,15.26,128184.0,38.4552,8400,
2025-01-02,002807.XSHE,buy,500,4.38,2190.0,5.0,29400,
2025-01-02,002966.XSHE,buy,15800,8.12,128295.99999999999,38.48879999999999,15800,
2025-01-02,600017.XSHG,buy,700,3.2,2240.0,5.0,40200,
2025-01-02,600020.XSHG,buy,1300,4.22,5486.0,5.0,30500,
2025-01-02,600033.XSHG,buy,200,3.87,774.0,5.0,33200,
2025-01-02,600098.XSHG,buy,20000,6.42,128400.0,38.519999999999996,20000,
2025-01-02,600717.XSHG,buy,1700,4.87,8279.0,5.0,26400,
2025-01-02,600744.XSHG,buy,41200,3.12,128544.0,38.563199999999995,41200,
2025-01-02,600795.XSHG,buy,5400,4.59,24786.0,7.4357999999999995,28000,
2025-01-02,600908.XSHG,buy,1300,5.92,7696.0,5.0,21700,
2025-01-02,600969.XSHG,buy,20000,6.41,128200.0,38.459999999999994,20000,
2025-01-02,601006.XSHG,buy,18900,6.78,128142.0,38.4426,18900,
2025-01-02,601018.XSHG,buy,1100,3.85,4235.0,5.0,33400,
2025-01-02,601228.XSHG,buy,38100,3.38,128778.0,38.633399999999995,38100,
2025-01-02,601326.XSHG,buy,4300,3.35,14405.0,5.0,38400,
2025-01-02,601528.XSHG,buy,22800,5.63,128364.0,38.5092,22800,
2025-01-02,601825.XSHG,buy,15100,8.51,128501.0,38.5503,15100,
2025-01-02,601991.XSHG,buy,45300,2.84,128652.0,38.5956,45300,
2025-01-02,601997.XSHG,buy,21400,6.01,128614.0,38.584199999999996,21400,
2025-04-01,601326.XSHG,sell,38400,3.35,128640.0,38.592,0,
2025-04-01,601991.XSHG,sell,45300,2.95,133635.0,40.0905,0,
2025-04-01,600020.XSHG,sell,1700,4.42,7514.0,5.0,28800,
2025-04-01,000539.XSHE,sell,28300,4.52,127915.99999999999,38.37479999999999,0,
2025-04-01,600098.XSHG,sell,100,6.38,638.0,5.0,19900,
2025-04-01,600033.XSHG,sell,100,3.85,385.0,5.0,33100,
2025-04-01,000429.XSHE,sell,8800,14.2,124960.0,37.488,0,
2025-04-01,600969.XSHG,sell,20000,6.62,132400.0,39.72,0,
2025-04-01,600744.XSHG,sell,41200,3.21,132252.0,39.675599999999996,0,
2025-04-01,600795.XSHG,sell,28000,4.45,124600.0,37.379999999999995,0,
2025-04-01,002039.XSHE,sell,800,16.6,13280.000000000002,5.0,7600,
2025-04-01,000905.XSHE,sell,1500,7.56,11340.0,5.0,16800,
2025-04-01,601818.XSHG,sell,33200,3.77,125164.0,37.5492,0,
2025-04-01,601528.XSHG,sell,22800,5.31,121067.99999999999,36.32039999999999,0,
2025-04-01,002807.XSHE,sell,600,4.42,2652.0,5.0,28800,
2025-04-01,000407.XSHE,buy,39400,3.23,127262.0,38.178599999999996,39400,
2025-04-01,000543.XSHE,buy,17000,7.47,126990.0,38.096999999999994,17000,
2025-04-01,000791.XSHE,buy,19000,6.7,127300.0,38.19,19000,
2025-04-01,000828.XSHE,buy,600,10.06,6036.0,5.0,12600,
2025-04-01,000900.XSHE,buy,1500,4.14,6209.999999999999,5.0,30700,
2025-04-01,002966.XSHE,buy,300,7.87,2361.0,5.0,16100,
2025-04-01,600017.XSHG,buy,1100,3.08,3388.0,5.0,41300,
2025-04-01,600035.XSHG,buy,1300,4.36,5668.0,5.0,29200,
2025-04-01,600350.XSHG,buy,11900,10.68,127092.0,38.127599999999994,11900,
2025-04-01,600578.XSHG,buy,35600,3.58,127448.0,38.234399999999994,35600,
2025-04-01,600717.XSHG,buy,500,4.73,2365.0,5.0,26900,
2025-04-01,600803.XSHG,buy,6500,19.6,127400.00000000001,38.22,6500,
2025-04-01,600908.XSHG,buy,500,5.72,2860.0,5.0,22200,
2025-04-01,601006.XSHG,buy,600,6.52,3911.9999999999995,5.0,19500,
2025-04-01,601008.XSHG,buy,33100,3.85,127435.0,38.2305,33100,
2025-04-01,601018.XSHG,buy,700,3.73,2611.0,5.0,34100,
2025-04-01,601228.XSHG,buy,1700,3.2,5440.0,5.0,39800,
2025-04-01,601398.XSHG,buy,18500,6.87,127095.0,38.128499999999995,18500,
2025-04-01,601825.XSHG,buy,100,8.34,834.0,5.0,15200,
2025-04-01,601988.XSHG,buy,22700,5.6,127119.99999999999,38.135999999999996,22700,
2025-04-01,601997.XSHG,buy,200,5.88,1176.0,5.0,21600,
2025-07-01,002966.XSHE,sell,16100,8.89,143129.0,42.9387,0,
2025-07-01,000407.XSHE,sell,39400,3.41,134354.0,40.3062,0,
2025-07-01,600020.XSHG,sell,300,4.78,1434.0,5.0,28500,
2025-07-01,601825.XSHG,sell,15200,9.77,148504.0,44.551199999999994,0,
2025-07-01,601008.XSHG,sell,33100,6.66,220446.0,66.1338,0,
2025-07-01,600098.XSHG,sell,19900,6.27,124772.99999999999,37.43189999999999,0,
2025-07-01,000791.XSHE,sell,19000,6.34,120460.0,36.138,0,
2025-07-01,600803.XSHG,sell,6500,18.92,122980.00000000001,36.894,0,
2025-07-01,601988.XSHG,sell,22700,5.62,127574.0,38.2722,0,
2025-07-01,600017.XSHG,sell,41300,3.1,128030.0,38.409,0,
2025-07-01,601006.XSHG,sell,19500,6.6,128700.0,38.61,0,
2025-07-01,002039.XSHE,sell,7600,15.91,120916.0,36.2748,0,
2025-07-01,601398.XSHG,sell,500,7.59,3795.0,5.0,18000,
2025-07-01,000905.XSHE,sell,16800,8.07,135576.0,40.672799999999995,0,
2025-07-01,600908.XSHG,sell,600,6.31,3785.9999999999995,5.0,21600,
2025-07-01,600578.XSHG,sell,35600,4.52,160911.99999999997,48.27359999999999,0,
2025-07-01,002807.XSHE,sell,100,4.75,475.0,5.0,28700,
2025-07-01,000828.XSHE,sell,12600,10.67,134442.0,40.3326,0,
2025-07-01,000900.XSHE,sell,400,4.5,1800.0,5.0,30300,
2025-07-01,000001.XSHE,buy,11300,12.06,136278.0,40.883399999999995,11300,
2025-07-01,000027.XSHE,buy,21300,6.4,136320.0,40.895999999999994,21300,
2025-07-01,000429.XSHE,buy,10200,13.35,136170.0,40.851,10200,
2025-07-01,000543.XSHE,buy,2400,7.01,16824.0,5.047199999999999,19400,
2025-07-01,001213.XSHE,buy,33500,4.07,136345.0,40.903499999999994,33500,
2025-07-01,600011.XSHG,buy,19100,7.14,136374.0,40.9122,19100,
2025-07-01,600018.XSHG,buy,23900,5.71,136469.0,40.9407,23900,
2025-07-01,600021.XSHG,buy,15500,8.8,136400.0,40.919999999999995,15500,
2025-07-01,600027.XSHG,buy,24900,5.47,136203.0,40.860899999999994,24900,
2025-07-01,600033.XSHG,buy,5500,3.54,19470.0,5.840999999999999,38600,
2025-07-01,600035.XSHG,buy,3100,4.23,13113.000000000002,5.0,32300,
2025-07-01,600350.XSHG,buy,900,10.66,9594.0,5.0,12800,
2025-07-01,600377.XSHG,buy,600,15.33,9198.0,5.0,8900,
2025-07-01,600717.XSHG,buy,3000,4.56,13679.999999999998,5.0,29900,
2025-07-01,600795.XSHG,buy,28100,4.86,136566.0,40.9698,28100,
2025-07-01,601009.XSHG,buy,11700,11.62,135954.0,40.786199999999994,11700,
2025-07-01,601018.XSHG,buy,3200,3.66,11712.0,5.0,37300,
2025-07-01,601228.XSHG,buy,2300,3.24,7452.000000000001,5.0,42100,
2025-07-01,601326.XSHG,buy,42300,3.23,136629.0,40.988699999999994,42300,
2025-07-01,601333.XSHG,buy,47200,2.89,136408.0,40.922399999999996,47200,
2025-07-01,601939.XSHG,buy,14400,9.47,136368.0,40.910399999999996,14400,
2025-07-01,601991.XSHG,buy,43100,3.17,136627.0,40.988099999999996,43100,
2025-07-01,601997.XSHG,buy,200,6.26,1252.0,5.0,21800,
2025-10-09,601326.XSHG,sell,1100,3.4,3740.0,5.0,41200,
2025-10-09,601939.XSHG,sell,14400,8.56,123264.0,36.9792,0,
2025-10-09,601991.XSHG,sell,43100,3.41,146971.0,44.0913,0,
2025-10-09,000543.XSHE,sell,19400,7.18,139292.0,41.7876,0,
2025-10-09,000429.XSHE,sell,10200,10.91,111282.0,33.3846,0,
2025-10-09,601228.XSHG,sell,42100,3.29,138509.0,41.552699999999994,0,
2025-10-09,600018.XSHG,sell,23900,5.47,130733.0,39.219899999999996,0,
2025-10-09,001213.XSHE,sell,33500,4.17,139695.0,41.9085,0,
2025-10-09,600021.XSHG,sell,15500,21.56,334180.0,100.25399999999999,0,
2025-10-09,600795.XSHG,sell,100,5.0,500.0,5.0,28000,
2025-10-09,000027.XSHE,sell,21300,6.69,142497.0,42.7491,0,
2025-10-09,601333.XSHG,sell,5200,3.33,17316.0,5.1948,42000,
2025-10-09,601009.XSHG,sell,11700,10.88,127296.00000000001,38.1888,0,
2025-10-09,000900.XSHE,sell,30300,4.1,124229.99999999999,37.26899999999999,0,
2025-10-09,000001.XSHE,buy,1000,11.33,11330.0,5.0,12300,
2025-10-09,000421.XSHE,buy,22400,6.25,140000.0,41.99999999999999,22400,
2025-10-09,000755.XSHE,buy,28900,4.84,139876.0,41.962799999999994,28900,
2025-10-09,000828.XSHE,buy,12400,11.28,139872.0,41.9616,12400,
2025-10-09,001872.XSHE,buy,7000,20.02,140140.0,42.041999999999994,7000,
2025-10-09,002807.XSHE,buy,3000,4.41,13230.0,5.0,31700,
2025-10-09,002839.XSHE,buy,32500,4.3,139750.0,41.925,32500,
2025-10-09,600011.XSHG,buy,700,7.06,4942.0,5.0,19800,
2025-10-09,600017.XSHG,buy,45600,3.07,139992.0,41.9976,45600,
2025-10-09,600020.XSHG,buy,4600,4.23,19458.000000000004,5.837400000000001,33100,
2025-10-09,600027.XSHG,buy,2600,5.09,13234.0,5.0,27500,
2025-10-09,600033.XSHG,buy,3100,3.36,10416.0,5.0,41700,
2025-10-09,600035.XSHG,buy,3100,3.95,12245.0,5.0,35400,
2025-10-09,600350.XSHG,buy,3500,8.59,30065.0,9.019499999999999,16300,
2025-10-09,600377.XSHG,buy,2200,12.56,27632.0,8.2896,11100,
2025-10-09,600717.XSHG,buy,100,4.66,466.0,5.0,30000,
2025-10-09,600803.XSHG,buy,7800,17.97,140166.0,42.0498,7800,
2025-10-09,600908.XSHG,buy,2200,5.88,12936.0,5.0,23800,
2025-10-09,601018.XSHG,buy,1200,3.64,4368.0,5.0,38500,
2025-10-09,601139.XSHG,buy,21100,6.62,139682.0,41.904599999999995,21100,
2025-10-09,601398.XSHG,buy,1300,7.25,9425.0,5.0,19300,
2025-10-09,601528.XSHG,buy,26400,5.3,139920.0,41.976,26400,
2025-10-09,601880.XSHG,buy,80000,1.75,140000.0,41.99999999999999,80000,
2025-10-09,601997.XSHG,buy,2400,5.77,13847.999999999998,5.0,24200,
2025-10-09,603689.XSHG,buy,16400,8.52,139728.0,41.9184,16400,
2026-01-05,601326.XSHG,sell,41200,3.49,143788.0,43.136399999999995,0,
2026-01-05,600011.XSHG,sell,500,7.46,3730.0,5.0,19300,
2026-01-05,601880.XSHG,sell,80000,1.61,128800.00000000001,38.64,0,
2026-01-05,000755.XSHE,sell,400,5.05,2020.0,5.0,28500,
2026-01-05,601139.XSHG,sell,21100,6.62,139682.0,41.904599999999995,0,
2026-01-05,600033.XSHG,sell,6900,4.13,28497.0,8.5491,34800,
2026-01-05,600803.XSHG,sell,7800,20.75,161850.0,48.55499999999999,0,
2026-01-05,603689.XSHG,sell,16400,8.12,133168.0,39.950399999999995,0,
2026-01-05,601398.XSHG,sell,19300,7.91,152663.0,45.798899999999996,0,
2026-01-05,000421.XSHE,sell,22400,6.9,154560.0,46.367999999999995,0,
2026-01-05,601528.XSHG,sell,1100,5.69,6259.0,5.0,25300,
2026-01-05,601333.XSHG,sell,42000,3.04,127680.0,38.303999999999995,0,
2026-01-05,002839.XSHE,sell,1000,4.56,4560.0,5.0,31500,
2026-01-05,002807.XSHE,sell,31700,4.57,144869.0,43.460699999999996,0,
2026-01-05,600350.XSHG,sell,16300,9.68,157784.0,47.33519999999999,0,
2026-01-05,601018.XSHG,sell,38500,3.64,140140.0,42.041999999999994,0,
2026-01-05,000001.XSHE,buy,300,11.42,3426.0,5.0,12600,
2026-01-05,000027.XSHE,buy,22000,6.53,143660.0,43.098,22000,
2026-01-05,000543.XSHE,buy,17700,8.13,143901.0,43.1703,17700,
2026-01-05,000548.XSHE,buy,26400,5.44,143616.0,43.084799999999994,26400,
2026-01-05,000828.XSHE,buy,900,10.78,9702.0,5.0,13300,
2026-01-05,001872.XSHE,buy,400,19.4,7759.999999999999,5.0,7400,
2026-01-05,002039.XSHE,buy,7900,18.15,143385.0,43.015499999999996,7900,
2026-01-05,600017.XSHG,buy,2400,3.0,7200.0,5.0,48000,
2026-01-05,600018.XSHG,buy,26400,5.45,143880.0,43.163999999999994,26400,
2026-01-05,600020.XSHG,buy,600,4.27,2561.9999999999995,5.0,33700,
2026-01-05,600027.XSHG,buy,1400,4.97,6958.0,5.0,28900,
2026-01-05,600035.XSHG,buy,1600,3.89,6224.0,5.0,37000,
2026-01-05,600377.XSHG,buy,800,12.08,9664.0,5.0,11900,
2026-01-05,600717.XSHG,buy,2200,4.47,9834.0,5.0,32200,
2026-01-05,600795.XSHG,buy,600,5.03,3018.0,5.0,28600,
2026-01-05,600908.XSHG,buy,400,5.94,2376.0,5.0,24200,
2026-01-05,601000.XSHG,buy,37400,3.85,143990.0,43.196999999999996,37400,
2026-01-05,601006.XSHG,buy,27800,5.17,143726.0,43.117799999999995,27800,
2026-01-05,601298.XSHG,buy,17100,8.39,143469.0,43.040699999999994,17100,
2026-01-05,601860.XSHG,buy,52100,2.76,143796.0,43.138799999999996,52100,
2026-01-05,601991.XSHG,buy,41000,3.51,143910.0,43.172999999999995,41000,
2026-01-05,601997.XSHG,buy,200,5.88,1176.0,5.0,24400,
2026-01-05,603323.XSHG,buy,28500,5.05,143925.0,43.177499999999995,28500,
2026-04-01,600011.XSHG,sell,19300,7.07,136451.0,40.9353,0,
2026-04-01,601991.XSHG,sell,41000,4.02,164819.99999999997,49.445999999999984,0,
2026-04-01,000543.XSHE,sell,600,8.47,5082.0,5.0,17100,
2026-04-01,000755.XSHE,sell,28500,5.25,149625.0,44.887499999999996,0,
2026-04-01,601860.XSHG,sell,52100,2.8,145880.0,43.763999999999996,0,
2026-04-01,000548.XSHE,sell,26400,5.56,146784.0,44.035199999999996,0,
2026-04-01,601000.XSHG,sell,37400,4.69,175406.00000000003,52.62180000000001,0,
2026-04-01,600027.XSHG,sell,28900,4.74,136986.0,41.0958,0,
2026-04-01,001872.XSHE,sell,800,22.0,17600.0,5.279999999999999,6600,
2026-04-01,600017.XSHG,sell,1400,3.12,4368.0,5.0,46600,
2026-04-01,601006.XSHG,sell,700,5.37,3759.0,5.0,27100,
2026-04-01,600795.XSHG,sell,28600,4.87,139282.0,41.7846,0,
2026-04-01,002039.XSHE,sell,200,18.77,3754.0,5.0,7700,
2026-04-01,600018.XSHG,sell,26400,5.11,134904.0,40.471199999999996,0,
2026-04-01,000027.XSHE,sell,1300,7.02,9126.0,5.0,20700,
2026-04-01,601298.XSHG,sell,17100,8.65,147915.0,44.3745,0,
2026-04-01,002839.XSHE,sell,31500,4.52,142380.0,42.714,0,
2026-04-01,600717.XSHG,sell,900,4.64,4176.0,5.0,31300,
2026-04-01,000001.XSHE,buy,500,11.09,5545.0,5.0,13100,
2026-04-01,000828.XSHE,buy,1100,10.08,11088.0,5.0,14400,
2026-04-01,600012.XSHG,buy,9300,15.53,144429.0,43.3287,9300,
2026-04-01,600020.XSHG,buy,3500,3.91,13685.0,5.0,37200,
2026-04-01,600023.XSHG,buy,26600,5.47,145502.0,43.6506,26600,
2026-04-01,600033.XSHG,buy,3400,3.81,12954.0,5.0,38200,
2026-04-01,600035.XSHG,buy,500,3.88,1940.0,5.0,37500,
2026-04-01,600350.XSHG,buy,13500,10.74,144990.0,43.49699999999999,13500,
2026-04-01,600377.XSHG,buy,100,12.12,1212.0,5.0,12000,
2026-04-01,600642.XSHG,buy,16200,8.95,144990.0,43.49699999999999,16200,
2026-04-01,600886.XSHG,buy,10200,14.15,144330.0,43.299,10200,
2026-04-01,600908.XSHG,buy,900,5.78,5202.0,5.0,25100,
2026-04-01,601128.XSHG,buy,20300,7.17,145551.0,43.665299999999995,20300,
2026-04-01,601139.XSHG,buy,20500,7.08,145140.0,43.541999999999994,20500,
2026-04-01,601169.XSHG,buy,26300,5.52,145176.0,43.5528,26300,
2026-04-01,601333.XSHG,buy,45700,3.18,145326.0,43.5978,45700,
2026-04-01,601528.XSHG,buy,1800,5.36,9648.0,5.0,27100,
2026-04-01,601816.XSHG,buy,28600,5.09,145574.0,43.6722,28600,
2026-04-01,601880.XSHG,buy,87700,1.66,145582.0,43.6746,87700,
2026-04-01,601997.XSHG,buy,500,5.83,2915.0,5.0,24900,
2026-04-01,603323.XSHG,buy,1000,4.93,4930.0,5.0,29500,
